direction	caller	callee
SERVICE_TO_MAIN	calculate_presented_desktop_geometry	region_fits_u32
SERVICE_TO_MAIN	calculate_safe_desktop_geometry	region_fits_u32
MAIN_TO_SERVICE	display_live_desktop	calculate_presented_desktop_geometry
MAIN_TO_SERVICE	display_live_desktop	debug_emit_geometry_snapshot
MAIN_TO_SERVICE	display_live_desktop	perform_manual_rfb_recovery
MAIN_TO_SERVICE	display_live_desktop	ps2vnc_config_apply_display
MAIN_TO_SERVICE	display_live_desktop	ps2vnc_config_get_display_for_mode
MAIN_TO_SERVICE	display_live_desktop	ps2vnc_config_presented_geometry_for_mode
MAIN_TO_SERVICE	display_live_desktop	ps2vnc_display_create
MAIN_TO_SERVICE	display_live_desktop	ps2vnc_display_draw_desktop
MAIN_TO_SERVICE	display_live_desktop	ps2vnc_display_finish_draw
MAIN_TO_SERVICE	display_live_desktop	ps2vnc_display_flip
MAIN_TO_SERVICE	display_live_desktop	ps2vnc_display_policy_hide_to_pi
MAIN_TO_SERVICE	display_live_desktop	ps2vnc_display_policy_lock_to_pi
MAIN_TO_SERVICE	display_live_desktop	ps2vnc_display_policy_refresh_from_pi
MAIN_TO_SERVICE	display_live_desktop	ps2vnc_display_prepare_desktop
MAIN_TO_SERVICE	display_live_desktop	ps2vnc_display_prepare_osk
MAIN_TO_SERVICE	display_live_desktop	ps2vnc_display_profile_capture_active
MAIN_TO_SERVICE	display_live_desktop	ps2vnc_display_profile_resolve_candidate
MAIN_TO_SERVICE	display_live_desktop	ps2vnc_display_transaction_ack_to_pi
MAIN_TO_SERVICE	display_live_desktop	ps2vnc_display_transaction_begin_to_pi
MAIN_TO_SERVICE	display_live_desktop	ps2vnc_display_transaction_commit_to_pi
MAIN_TO_SERVICE	display_live_desktop	ps2vnc_display_wait_presentation_memory_idle
MAIN_TO_SERVICE	display_live_desktop	ps2vnc_display_wait_texture_idle
MAIN_TO_SERVICE	display_live_desktop	ps2vnc_run_runtime_calibration
MAIN_TO_SERVICE	display_live_desktop	recover_rfb_connection
MAIN_TO_SERVICE	display_live_desktop	run_screen_fit_calibration
SERVICE_TO_MAIN	draw_recovery_status	osk_color
SERVICE_TO_MAIN	draw_recovery_status	osk_draw_text_centered
SERVICE_TO_MAIN	draw_recovery_status	osk_fill_rect
SERVICE_TO_MAIN	draw_recovery_status	ps2vnc_display_output_x
SERVICE_TO_MAIN	draw_recovery_status	ps2vnc_display_output_y
SERVICE_TO_MAIN	initial_rfb_connect_with_retry	ethGetNetIFLinkStatus
SERVICE_TO_MAIN	initial_rfb_connect_with_retry	probe_extended_desktop_size
SERVICE_TO_MAIN	initial_rfb_connect_with_retry	receive_framebuffer_update
SERVICE_TO_MAIN	initial_rfb_connect_with_retry	request_framebuffer
SERVICE_TO_MAIN	initial_rfb_connect_with_retry	reset_rfb_transport_state
SERVICE_TO_MAIN	initial_rfb_connect_with_retry	rfb_connect_and_handshake
SERVICE_TO_MAIN	initial_rfb_connect_with_retry	screenf
SERVICE_TO_MAIN	initial_rfb_connect_with_retry	set_gs555_pixel_format
SERVICE_TO_MAIN	initial_rfb_connect_with_retry	set_raw_encoding
MAIN_TO_SERVICE	main	ps2vnc_config_load_from_pi
MAIN_TO_SERVICE	main	ps2vnc_display_transaction_startup_preflight
MAIN_TO_SERVICE	main	ps2vnc_startup_apply_authoritative_profile
MAIN_TO_SERVICE	main	ps2vnc_startup_connect_reconciled
MAIN_TO_SERVICE	main	ps2vnc_startup_prepare_display_transaction
SERVICE_TO_MAIN	ps2vnc_config_load_from_pi	screenf
SERVICE_TO_MAIN	ps2vnc_config_parse_display_policy	display_menu_selection_for_mode
SERVICE_TO_MAIN	ps2vnc_config_parse_display_policy	ps2vnc_video_mode_by_name
SERVICE_TO_MAIN	ps2vnc_config_parse_startup_mode	ps2vnc_video_mode_by_name
SERVICE_TO_MAIN	ps2vnc_config_presented_geometry_for_mode	region_fits_u32
SERVICE_TO_MAIN	ps2vnc_display_create	ps2vnc_video_mode_default_backend
SERVICE_TO_MAIN	ps2vnc_display_create_hires	ps2vnc_hires_effective_width
SERVICE_TO_MAIN	ps2vnc_display_draw_desktop	ps2vnc_display_output_x
SERVICE_TO_MAIN	ps2vnc_display_draw_desktop	ps2vnc_display_output_y
SERVICE_TO_MAIN	ps2vnc_display_policy_lock_to_pi	display_menu_mode_at_selection
SERVICE_TO_MAIN	ps2vnc_display_prepare_desktop_hires	ps2vnc_hires_requires_raster_mapping
SERVICE_TO_MAIN	ps2vnc_display_prepare_desktop_hires	ps2vnc_hires_storage_bytes
SERVICE_TO_MAIN	ps2vnc_display_prepare_desktop_hires	ps2vnc_hires_storage_height
SERVICE_TO_MAIN	ps2vnc_display_prepare_desktop_hires	ps2vnc_hires_storage_width
SERVICE_TO_MAIN	ps2vnc_display_prepare_desktop_hires	publish_hires_background
SERVICE_TO_MAIN	ps2vnc_display_profile_resolve_candidate	ps2vnc_video_mode_default_backend
SERVICE_TO_MAIN	ps2vnc_display_save_to_pi	send_exact
SERVICE_TO_MAIN	ps2vnc_display_transaction_select_startup_authority	screenf
SERVICE_TO_MAIN	ps2vnc_display_transaction_startup_preflight	screenf
SERVICE_TO_MAIN	ps2vnc_display_tx_parse_profile	ps2vnc_video_mode_by_name
MAIN_TO_SERVICE	ps2vnc_global_rollback_display_transaction	ps2vnc_display_transaction_ack_to_pi
MAIN_TO_SERVICE	ps2vnc_global_rollback_display_transaction	ps2vnc_display_transaction_restore_to_pi
MAIN_TO_SERVICE	ps2vnc_global_rollback_display_transaction	ps2vnc_display_transaction_restored_to_pi
SERVICE_TO_MAIN	ps2vnc_management_get	screenf
SERVICE_TO_MAIN	ps2vnc_management_get	send_exact
SERVICE_TO_MAIN	ps2vnc_management_post	send_exact
SERVICE_TO_MAIN	ps2vnc_management_post_text	send_exact
SERVICE_TO_MAIN	ps2vnc_reconfigure_current_desktop_hires	ps2vnc_display_publish_full_desktop
SERVICE_TO_MAIN	ps2vnc_reconfigure_current_desktop_hires	receive_framebuffer_update
SERVICE_TO_MAIN	ps2vnc_reconfigure_current_desktop_hires	region_fits_u32
SERVICE_TO_MAIN	ps2vnc_reconfigure_current_desktop_hires	request_and_confirm_desktop_size
SERVICE_TO_MAIN	ps2vnc_reconfigure_current_desktop_hires	request_framebuffer
SERVICE_TO_MAIN	ps2vnc_reconfigure_current_desktop_hires	set_live_encoding
SERVICE_TO_MAIN	ps2vnc_reconfigure_current_desktop_hires	set_raw_encoding
SERVICE_TO_MAIN	ps2vnc_reconfigure_current_desktop_hires	set_raw_extended_desktop_encoding
SERVICE_TO_MAIN	ps2vnc_reconfigure_current_desktop_standard	region_fits_u32
MAIN_TO_SERVICE	ps2vnc_remote_control_poll_idle	ps2vnc_management_get_bounded_quiet
MAIN_TO_SERVICE	ps2vnc_remote_result_post	ps2vnc_management_post_text
MAIN_TO_SERVICE	ps2vnc_rollback_display_transaction	recover_rfb_transport_for_display_rollback
MAIN_TO_SERVICE	ps2vnc_rollback_display_transaction	screen_fit_apply_preset
SERVICE_TO_MAIN	ps2vnc_run_runtime_calibration	flush_rfb_outgoing
SERVICE_TO_MAIN	ps2vnc_run_runtime_calibration	ps2vnc_display_direct_write_cancel
SERVICE_TO_MAIN	ps2vnc_run_runtime_calibration	screenf
SERVICE_TO_MAIN	ps2vnc_socket_wait_bounded	profile_ticks_us
SERVICE_TO_MAIN	ps2vnc_startup_apply_authoritative_profile	ps2vnc_video_mode_default_backend
SERVICE_TO_MAIN	ps2vnc_startup_apply_authoritative_profile	screenf
SERVICE_TO_MAIN	ps2vnc_startup_connect_reconciled	ethGetNetIFLinkStatus
SERVICE_TO_MAIN	ps2vnc_startup_connect_reconciled	probe_extended_desktop_size
SERVICE_TO_MAIN	ps2vnc_startup_connect_reconciled	receive_framebuffer_update
SERVICE_TO_MAIN	ps2vnc_startup_connect_reconciled	request_and_confirm_desktop_size
SERVICE_TO_MAIN	ps2vnc_startup_connect_reconciled	request_framebuffer
SERVICE_TO_MAIN	ps2vnc_startup_connect_reconciled	reset_rfb_transport_state
SERVICE_TO_MAIN	ps2vnc_startup_connect_reconciled	rfb_connect_and_handshake_limited
SERVICE_TO_MAIN	ps2vnc_startup_connect_reconciled	screenf
SERVICE_TO_MAIN	ps2vnc_startup_connect_reconciled	set_gs555_pixel_format
SERVICE_TO_MAIN	ps2vnc_startup_connect_reconciled	set_raw_encoding
MAIN_TO_SERVICE	ps2vnc_startup_finalize_display_transaction	ps2vnc_display_profile_capture_active
MAIN_TO_SERVICE	ps2vnc_startup_finalize_display_transaction	ps2vnc_display_transaction_commit_to_pi
MAIN_TO_SERVICE	ps2vnc_startup_finalize_display_transaction	ps2vnc_display_transaction_restored_to_pi
MAIN_TO_SERVICE	ps2vnc_startup_finalize_display_transaction	ps2vnc_display_tx_profiles_equal
SERVICE_TO_MAIN	ps2vnc_startup_mode_save_to_pi	ps2vnc_video_mode_by_name
SERVICE_TO_MAIN	ps2vnc_startup_mode_save_to_pi	send_exact
SERVICE_TO_MAIN	ps2vnc_startup_prepare_display_transaction	screenf
MAIN_TO_SERVICE	ps2vnc_switch_display_mode	draw_recovery_status
MAIN_TO_SERVICE	ps2vnc_switch_display_mode	ps2vnc_controller_pad_acquire
MAIN_TO_SERVICE	ps2vnc_switch_display_mode	ps2vnc_controller_pad_release
MAIN_TO_SERVICE	ps2vnc_switch_display_mode	ps2vnc_display_draw_desktop
MAIN_TO_SERVICE	ps2vnc_switch_display_mode	ps2vnc_display_finish_draw
MAIN_TO_SERVICE	ps2vnc_switch_display_mode	ps2vnc_display_flip
MAIN_TO_SERVICE	ps2vnc_switch_display_mode_core	debug_emit_geometry_snapshot
MAIN_TO_SERVICE	ps2vnc_switch_display_mode_core	ps2vnc_display_create
MAIN_TO_SERVICE	ps2vnc_switch_display_mode_core	ps2vnc_display_destroy
MAIN_TO_SERVICE	ps2vnc_switch_display_mode_core	ps2vnc_display_prepare_desktop
MAIN_TO_SERVICE	ps2vnc_switch_display_mode_core	ps2vnc_display_prepare_osk
MAIN_TO_SERVICE	publish_hires_background	ps2vnc_display_wait_presentation_memory_idle
SERVICE_TO_MAIN	recover_rfb_connection	ethGetNetIFLinkStatus
SERVICE_TO_MAIN	recover_rfb_connection	probe_extended_desktop_size
SERVICE_TO_MAIN	recover_rfb_connection	ps2vnc_display_publish_full_desktop
SERVICE_TO_MAIN	recover_rfb_connection	receive_framebuffer_update
SERVICE_TO_MAIN	recover_rfb_connection	request_and_confirm_desktop_size
SERVICE_TO_MAIN	recover_rfb_connection	request_framebuffer
SERVICE_TO_MAIN	recover_rfb_connection	reset_rfb_transport_state
SERVICE_TO_MAIN	recover_rfb_connection	rfb_connect_and_handshake
SERVICE_TO_MAIN	recover_rfb_connection	set_gs555_pixel_format
SERVICE_TO_MAIN	recover_rfb_connection	set_live_encoding
SERVICE_TO_MAIN	recover_rfb_connection	set_raw_encoding
SERVICE_TO_MAIN	recover_rfb_transport_for_display_rollback	ethGetNetIFLinkStatus
SERVICE_TO_MAIN	recover_rfb_transport_for_display_rollback	probe_extended_desktop_size
SERVICE_TO_MAIN	recover_rfb_transport_for_display_rollback	receive_framebuffer_update
SERVICE_TO_MAIN	recover_rfb_transport_for_display_rollback	request_framebuffer
SERVICE_TO_MAIN	recover_rfb_transport_for_display_rollback	reset_rfb_transport_state
SERVICE_TO_MAIN	recover_rfb_transport_for_display_rollback	rfb_connect_and_handshake_limited
SERVICE_TO_MAIN	recover_rfb_transport_for_display_rollback	set_gs555_pixel_format
SERVICE_TO_MAIN	recover_rfb_transport_for_display_rollback	set_raw_encoding
SERVICE_TO_MAIN	run_screen_fit_calibration	screenf
SERVICE_TO_MAIN	screen_fit_draw_char	osk_find_glyph
SERVICE_TO_MAIN	screen_fit_draw_x	ps2vnc_display_output_x
SERVICE_TO_MAIN	screen_fit_draw_y	ps2vnc_display_output_y
MAIN_TO_SERVICE	update_hires_background_region	ps2vnc_display_wait_presentation_memory_idle
