consumer	identifier	provider
runtime	controller_thread	aux-function:ps2vnc_ui_controller.inc
ui	DBG_STAGE_CONTROLLER_ERROR	compile:ps2vnc_runtime_support.inc
ui	DBG_STAGE_CONTROLLER_START	compile:ps2vnc_runtime_support.inc
ui	DBG_STAGE_LOOP_BEGIN	compile:ps2vnc_runtime_support.inc
ui	DBG_STAGE_NET_READY	compile:ps2vnc_runtime_support.inc
ui	DBG_STAGE_POST_DRAW	compile:ps2vnc_runtime_support.inc
ui	DBG_STAGE_POST_FLIP	compile:ps2vnc_runtime_support.inc
ui	DBG_STAGE_POST_QUEUE	compile:ps2vnc_runtime_support.inc
ui	DBG_STAGE_POST_RECEIVE	compile:ps2vnc_runtime_support.inc
ui	DBG_STAGE_POST_REQUEST	compile:ps2vnc_runtime_support.inc
ui	DBG_STAGE_POST_TEXTURE	compile:ps2vnc_runtime_support.inc
ui	DBG_STAGE_PRE_DRAW	compile:ps2vnc_runtime_support.inc
ui	DBG_STAGE_PRE_FLIP	compile:ps2vnc_runtime_support.inc
ui	DBG_STAGE_PRE_QUEUE	compile:ps2vnc_runtime_support.inc
ui	DBG_STAGE_PRE_REQUEST	compile:ps2vnc_runtime_support.inc
ui	DBG_STAGE_PRE_TEXTURE	compile:ps2vnc_runtime_support.inc
ui	DBG_STAGE_RECEIVE_ERROR	compile:ps2vnc_runtime_support.inc
ui	DBG_STAGE_REQUEST_ERROR	compile:ps2vnc_runtime_support.inc
ui	DBG_STAGE_WAIT_RFB	compile:ps2vnc_runtime_support.inc
ui	DEV9_irx	data:ps2vnc_runtime_support.inc
ui	DISPLAY_CONFIRM_ACTION_KEEP	compile:ps2vnc_runtime_support.inc
ui	DISPLAY_CONFIRM_ACTION_NONE	compile:ps2vnc_runtime_support.inc
ui	DISPLAY_CONFIRM_ACTION_ROLLBACK	compile:ps2vnc_runtime_support.inc
ui	DISPLAY_CONFIRM_ACTION_ROLLBACK_IN_PROGRESS	compile:ps2vnc_runtime_support.inc
ui	DISPLAY_CONFIRM_GO_BACK	compile:ps2vnc_runtime_support.inc
ui	DISPLAY_CONFIRM_KEEP	compile:ps2vnc_runtime_support.inc
ui	DISPLAY_MODE_REQUEST_NONE	macro:ps2vnc_runtime_support.inc
ui	DISPLAY_POLICY_REQUEST_HIDE_LOCKED	compile:ps2vnc_runtime_support.inc
ui	DISPLAY_POLICY_REQUEST_LOCK	compile:ps2vnc_runtime_support.inc
ui	DISPLAY_POLICY_REQUEST_NONE	compile:ps2vnc_runtime_support.inc
ui	DISPLAY_POLICY_REQUEST_REFRESH	compile:ps2vnc_runtime_support.inc
ui	DISPLAY_TAB_ADVANCED	compile:ps2vnc_runtime_support.inc
ui	DISPLAY_TAB_COUNT	compile:ps2vnc_runtime_support.inc
ui	DISPLAY_TAB_TV_DTV	compile:ps2vnc_runtime_support.inc
ui	DISPLAY_TAB_VGA_60	compile:ps2vnc_runtime_support.inc
ui	DISPLAY_TAB_VGA_OTHER	compile:ps2vnc_runtime_support.inc
ui	HOTKEY_TRIGGER_HOLD	compile:ps2vnc_runtime_support.inc
ui	HOTKEY_TRIGGER_RELEASE	compile:ps2vnc_runtime_support.inc
ui	HOTKEY_TRIGGER_SETTLE	compile:ps2vnc_runtime_support.inc
ui	NETMAN_irx	compile:ps2vnc_runtime_support.inc
ui	OSK_HEIGHT	macro:ps2vnc_runtime_support.inc
ui	OSK_PAGE_ABC	compile:ps2vnc_runtime_support.inc
ui	OSK_PAGE_FUNC	compile:ps2vnc_runtime_support.inc
ui	OSK_ROWS	macro:ps2vnc_runtime_support.inc
ui	OSK_WIDTH	macro:ps2vnc_runtime_support.inc
ui	OUTPUT_HEIGHT	macro:ps2vnc_runtime_support.inc
ui	OUTPUT_WIDTH	macro:ps2vnc_runtime_support.inc
ui	PS2VNC_DISPLAY_CONTROL_MAX_BYTES	macro:ps2vnc_runtime_support.inc
ui	PS2VNC_DISPLAY_CONTROL_PENDING_PATH	macro:ps2vnc_runtime_support.inc
ui	PS2VNC_DISPLAY_CONTROL_RESULT_PATH	macro:ps2vnc_runtime_support.inc
ui	PS2VNC_REMOTE_CONTROL_GET_BUDGET_US	macro:ps2vnc_runtime_support.inc
ui	PS2VNC_REMOTE_CONTROL_POLL_US	macro:ps2vnc_runtime_support.inc
ui	REMOTE_DISPLAY_ACTIVE_TEMP	compile:ps2vnc_runtime_support.inc
ui	REMOTE_DISPLAY_IDLE	compile:ps2vnc_runtime_support.inc
ui	REMOTE_DISPLAY_RESTORING	compile:ps2vnc_runtime_support.inc
ui	REMOTE_DISPLAY_SWITCHING	compile:ps2vnc_runtime_support.inc
ui	REMOTE_DISPLAY_SWITCH_REQUESTED	compile:ps2vnc_runtime_support.inc
ui	RFB_RECEIVE_LOCAL_REDRAW	macro:ps2vnc_runtime_support.inc
ui	RUNTIME_ACTION_DISPLAY_SETTINGS	data:ps2vnc_runtime_support.inc
ui	RUNTIME_ACTION_EXIT_TO_SYSTEM_MENU	data:ps2vnc_runtime_support.inc
ui	RUNTIME_ACTION_NONE	data:ps2vnc_runtime_support.inc
ui	RUNTIME_ACTION_REFRESH_RFB	data:ps2vnc_runtime_support.inc
ui	RUNTIME_ACTION_SEND_ENTER	data:ps2vnc_runtime_support.inc
ui	RUNTIME_ACTION_SEND_TAB	data:ps2vnc_runtime_support.inc
ui	RUNTIME_HOTKEY_BUTTON_MASK	macro:ps2vnc_runtime_support.inc
ui	RUNTIME_HOTKEY_EXTENDABLE_SETTLE_POLLS	macro:ps2vnc_runtime_support.inc
ui	RUNTIME_HOTKEY_SETTLE_POLLS	macro:ps2vnc_runtime_support.inc
ui	SMAP_irx	compile:ps2vnc_runtime_support.inc
ui	SYSTEM_CHORD_HOLD_POLLS	macro:ps2vnc_runtime_support.inc
ui	SYSTEM_MENU_DISPLAY	compile:ps2vnc_runtime_support.inc
ui	SYSTEM_MENU_EXIT	compile:ps2vnc_runtime_support.inc
ui	SYSTEM_MENU_ITEM_COUNT	compile:ps2vnc_runtime_support.inc
ui	SYSTEM_MENU_REFRESH	compile:ps2vnc_runtime_support.inc
ui	SYSTEM_MENU_STATUS_NONE	compile:ps2vnc_runtime_support.inc
ui	SYSTEM_REFRESH_COOLDOWN	compile:ps2vnc_runtime_support.inc
ui	SYSTEM_REFRESH_REFRESHING	compile:ps2vnc_runtime_support.inc
ui	TEST29_DISCARD_LIVE_PIXELS	macro:ps2vnc_runtime_support.inc
ui	VIDEO_MODE_COUNT	macro:ps2vnc_runtime.c:preamble
ui	VNC_HEIGHT	macro:ps2vnc_runtime_support.inc
ui	VNC_WIDTH	macro:ps2vnc_runtime_support.inc
ui	XK_BACKSPACE	macro:ps2vnc_runtime_support.inc
ui	XK_DELETE	macro:ps2vnc_runtime_support.inc
ui	XK_DOWN	macro:ps2vnc_runtime_support.inc
ui	XK_ESCAPE	macro:ps2vnc_runtime_support.inc
ui	XK_LEFT	macro:ps2vnc_runtime_support.inc
ui	XK_RETURN	macro:ps2vnc_runtime_support.inc
ui	XK_RIGHT	macro:ps2vnc_runtime_support.inc
ui	XK_SHIFT_L	macro:ps2vnc_runtime_support.inc
ui	XK_TAB	macro:ps2vnc_runtime_support.inc
ui	XK_UP	macro:ps2vnc_runtime_support.inc
ui	controller_loop_counter	data:ps2vnc_runtime_support.inc
ui	debug_changed_bytes	data:ps2vnc_runtime_support.inc
ui	debug_emit_now	aux-function:ps2vnc_runtime_support.inc
ui	debug_frame_counter	data:ps2vnc_runtime_support.inc
ui	debug_hotkey_action	data:ps2vnc_runtime_support.inc
ui	debug_hotkey_hold_polls	data:ps2vnc_runtime_support.inc
ui	debug_hotkey_latched	data:ps2vnc_runtime_support.inc
ui	debug_hotkey_mask	data:ps2vnc_runtime_support.inc
ui	debug_hotkey_quarantine	data:ps2vnc_runtime_support.inc
ui	debug_hotkey_settle_target	data:ps2vnc_runtime_support.inc
ui	debug_hotkey_stable_polls	data:ps2vnc_runtime_support.inc
ui	debug_hotkey_trigger	data:ps2vnc_runtime_support.inc
ui	debug_transition_phase	data:ps2vnc_runtime_support.inc
ui	debug_udp_init	aux-function:ps2vnc_runtime_support.inc
ui	display_calibration_request	data:ps2vnc_runtime_support.inc
ui	display_confirm_action	data:ps2vnc_runtime_support.inc
ui	display_confirm_arm_transaction	aux-function:ps2vnc_runtime_support.inc
ui	display_confirm_disarm_transaction	aux-function:ps2vnc_runtime_support.inc
ui	display_confirm_pending	data:ps2vnc_runtime_support.inc
ui	display_confirm_previous_backend	data:ps2vnc_runtime_support.inc
ui	display_confirm_previous_desktop_h	data:ps2vnc_runtime_support.inc
ui	display_confirm_previous_desktop_w	data:ps2vnc_runtime_support.inc
ui	display_confirm_previous_h	data:ps2vnc_runtime_support.inc
ui	display_confirm_previous_mode	data:ps2vnc_runtime_support.inc
ui	display_confirm_previous_screen_fit_full_bypass	data:ps2vnc_runtime_support.inc
ui	display_confirm_previous_screen_fit_height	data:ps2vnc_runtime_support.inc
ui	display_confirm_previous_screen_fit_offset_x	data:ps2vnc_runtime_support.inc
ui	display_confirm_previous_screen_fit_offset_y	data:ps2vnc_runtime_support.inc
ui	display_confirm_previous_screen_fit_width	data:ps2vnc_runtime_support.inc
ui	display_confirm_previous_w	data:ps2vnc_runtime_support.inc
ui	display_confirm_previous_x	data:ps2vnc_runtime_support.inc
ui	display_confirm_previous_y	data:ps2vnc_runtime_support.inc
ui	display_confirm_remaining_seconds	aux-function:ps2vnc_runtime_support.inc
ui	display_confirm_return_to_active_menu	aux-function:ps2vnc_runtime_support.inc
ui	display_confirm_seconds	data:ps2vnc_runtime_support.inc
ui	display_confirm_selection	data:ps2vnc_runtime_support.inc
ui	display_confirm_visible	data:ps2vnc_runtime_support.inc
ui	display_menu_error	data:ps2vnc_runtime_support.inc
ui	display_menu_parent_system	data:ps2vnc_runtime_support.inc
ui	display_menu_selection	data:ps2vnc_runtime_support.inc
ui	display_menu_tab	data:ps2vnc_runtime_support.inc
ui	display_menu_tab_selection	data:ps2vnc_runtime_support.inc
ui	display_menu_visible	data:ps2vnc_runtime_support.inc
ui	display_mode_request	data:ps2vnc_runtime_support.inc
ui	display_mode_request_for_selection	aux-function:ps2vnc_runtime_support.inc
ui	display_mode_request_remote	data:ps2vnc_runtime_support.inc
ui	display_mode_request_target	aux-function:ps2vnc_runtime_support.inc
ui	display_policy_error	data:ps2vnc_runtime_support.inc
ui	display_policy_request	data:ps2vnc_runtime_support.inc
ui	display_policy_request_selection	data:ps2vnc_runtime_support.inc
ui	display_policy_request_value	data:ps2vnc_runtime_support.inc
ui	display_restore_ack_mode	data:ps2vnc_runtime_support.inc
ui	display_restore_ack_request	data:ps2vnc_runtime_support.inc
ui	display_restore_ack_visible	data:ps2vnc_runtime_support.inc
ui	display_switch_failure_stage	data:ps2vnc_runtime_support.inc
ui	display_transition_switch_in_progress	data:ps2vnc_runtime_support.inc
ui	ethWaitValidNetIFLinkState	aux-function:ps2vnc_runtime_support.inc
ui	live_encoding	data:ps2vnc_runtime_support.inc
ui	live_error_code	data:ps2vnc_runtime_support.inc
ui	live_hdr_raw	data:ps2vnc_runtime_support.inc
ui	live_hdr_recv_n	data:ps2vnc_runtime_support.inc
ui	live_hdr_start_avail	data:ps2vnc_runtime_support.inc
ui	live_message_type	data:ps2vnc_runtime_support.inc
ui	live_rect_count	data:ps2vnc_runtime_support.inc
ui	live_rect_h	data:ps2vnc_runtime_support.inc
ui	live_rect_index	data:ps2vnc_runtime_support.inc
ui	live_rect_w	data:ps2vnc_runtime_support.inc
ui	live_rect_x	data:ps2vnc_runtime_support.inc
ui	live_rect_y	data:ps2vnc_runtime_support.inc
ui	live_update_raw	data:ps2vnc_runtime_support.inc
ui	osk_alt	data:ps2vnc_runtime_support.inc
ui	osk_clear_one_shot_modifiers	aux-function:ps2vnc_runtime_support.inc
ui	osk_col	data:ps2vnc_runtime_support.inc
ui	osk_ctrl	data:ps2vnc_runtime_support.inc
ui	osk_display_char	aux-function:ps2vnc_runtime_support.inc
ui	osk_func_keysyms	data:ps2vnc_runtime_support.inc
ui	osk_page	data:ps2vnc_runtime_support.inc
ui	osk_render_bitmap	aux-function:ps2vnc_runtime_support.inc
ui	osk_row	data:ps2vnc_runtime_support.inc
ui	osk_row_length	aux-function:ps2vnc_runtime_support.inc
ui	osk_shift	data:ps2vnc_runtime_support.inc
ui	osk_visible	data:ps2vnc_runtime_support.inc
ui	pad_area	data:ps2vnc_runtime_support.inc
ui	profile_changed_bytes	data:ps2vnc_runtime_support.inc
ui	profile_dirty_wait_ticks	data:ps2vnc_runtime_support.inc
ui	profile_emit_now	aux-function:ps2vnc_runtime_support.inc
ui	profile_flip_ticks	data:ps2vnc_runtime_support.inc
ui	profile_present_sync_ticks	data:ps2vnc_runtime_support.inc
ui	profile_rfb_start_tick	data:ps2vnc_runtime_support.inc
ui	profile_rfb_ticks	data:ps2vnc_runtime_support.inc
ui	profile_rfb_updates	data:ps2vnc_runtime_support.inc
ui	ps2vnc_discard_controller_rfb_queue	aux-function:ps2vnc_runtime_support.inc
ui	ps2vnc_display_begin_update	aux-function:ps2vnc_framebuffer_engine.inc
ui	ps2vnc_display_commit_update	aux-function:ps2vnc_framebuffer_engine.inc
ui	ps2vnc_display_finish_update_decode	aux-function:ps2vnc_framebuffer_engine.inc
ui	ps2vnc_display_logical_desktop_size	aux-function:ps2vnc_runtime_support.inc
ui	ps2vnc_hotkey_binding_t	data:ps2vnc_runtime_support.inc
ui	ps2vnc_system_exit_accept_request	aux-function:ps2vnc_runtime_support.inc
ui	ps2vnc_system_overlay_allowed	aux-function:ps2vnc_runtime_support.inc
ui	ps2vnc_system_refresh_accept_request	aux-function:ps2vnc_runtime_support.inc
ui	ps2vnc_system_refresh_update_state	aux-function:ps2vnc_runtime_support.inc
ui	remote_display_baseline_mode	data:ps2vnc_runtime_support.inc
ui	remote_display_error_code	data:ps2vnc_runtime_support.inc
ui	remote_display_last_poll_tick	data:ps2vnc_runtime_support.inc
ui	remote_display_lease_seconds	data:ps2vnc_runtime_support.inc
ui	remote_display_lease_started_tick	data:ps2vnc_runtime_support.inc
ui	remote_display_requested_mode	data:ps2vnc_runtime_support.inc
ui	remote_display_state	data:ps2vnc_runtime_support.inc
ui	remote_display_suppress_next_active_menu_return	data:ps2vnc_runtime_support.inc
ui	remote_display_txid	data:ps2vnc_runtime_support.inc
ui	rfb_confirm_live_yield_enabled	data:ps2vnc_runtime_support.inc
ui	rfb_confirm_wait_generation	data:ps2vnc_runtime_support.inc
ui	rfb_last_recv_call	data:ps2vnc_runtime_support.inc
ui	rfb_last_recv_n	data:ps2vnc_runtime_support.inc
ui	rfb_rx_end	data:ps2vnc_runtime_support.inc
ui	rfb_rx_pos	data:ps2vnc_runtime_support.inc
ui	rfb_rx_syscalls	data:ps2vnc_runtime_support.inc
ui	runtime_hotkey_has_hold_extension	aux-function:ps2vnc_runtime_support.inc
ui	runtime_hotkey_lookup	aux-function:ps2vnc_runtime_support.inc
ui	screen_row	data:ps2vnc_runtime_support.inc
ui	send_key_event	aux-function:ps2vnc_runtime_support.inc
ui	send_key_tap	aux-function:ps2vnc_runtime_support.inc
ui	send_modified_key_tap	aux-function:ps2vnc_runtime_support.inc
ui	send_pointer_event	aux-function:ps2vnc_runtime_support.inc
ui	size_DEV9_irx	compile:ps2vnc_runtime_support.inc
ui	size_NETMAN_irx	compile:ps2vnc_runtime_support.inc
ui	size_SMAP_irx	compile:ps2vnc_runtime_support.inc
ui	start_controller_thread	aux-function:ps2vnc_framebuffer_engine.inc
ui	startup_force_calibration_requested	aux-function:ps2vnc_runtime_support.inc
ui	video_modes	data:ps2vnc_runtime.c:preamble
ui	wait_pad_ready_after_mode_change	aux-function:ps2vnc_runtime_support.inc
