file	start_line	end_line	function	geometry_score	signals	local_calls
src/video/geometry.c	29	90	pstvnc_video_geometry_safe_area_valid	2	DIMENSIONS,OFFSETS_CENTERING	
src/video/geometry.c	92	140	pstvnc_video_geometry_safe_area_rect	2	DIMENSIONS,OFFSETS_CENTERING	pstvnc_video_geometry_rect_fits,pstvnc_video_geometry_safe_area_valid
src/video/geometry.c	142	193	pstvnc_video_geometry_presented_rect	2	SAFE_PRESENTATION,DIMENSIONS	pstvnc_video_geometry_rect_fits
working/b4a/ps2vnc_calibration_core.inc	798	987	ps2vnc_display_save_to_pi	2	DIMENSIONS,OFFSETS_CENTERING,DISPLAY_MODE,CALIBRATION	ps2vnc_http_find_header_end,ps2vnc_http_status_is_200,screen_fit_geometry_valid,send_exact
working/b4a/ps2vnc_calibration_core.inc	1032	1071	ps2vnc_config_presented_geometry_for_mode	2	SAFE_PRESENTATION,DIMENSIONS,MANAGEMENT_CONFIG	pstvnc_video_geometry_presented_rect,pstvnc_video_geometry_safe_area_rect
working/b4a/ps2vnc_calibration_core.inc	1515	1560	screen_fit_clamp_interactive	2	DIMENSIONS,OFFSETS_CENTERING,CALIBRATION	
working/b4a/ps2vnc_calibration_tail.inc	211	408	draw_screen_fit_calibration	2	DIMENSIONS,OFFSETS_CENTERING,CALIBRATION,GS_TRANSPORT,UI	ps2vnc_display_finish_draw,ps2vnc_display_flip,screen_fit_draw_corner_marker,screen_fit_draw_text_centered,screen_fit_prim_sprite,screen_fit_prim_sprite_clipped
working/b4a/ps2vnc_calibration_tail.inc	411	691	run_screen_fit_calibration	2	DIMENSIONS,OFFSETS_CENTERING,FRAMEBUFFER_RFB,CALIBRATION,GS_TRANSPORT,UI	draw_screen_fit_calibration,ps2vnc_display_save_to_pi,screen_fit_apply_preset,screen_fit_clamp_interactive,screenf
working/b4a/ps2vnc_calibration_tail.inc	707	738	calculate_safe_desktop_geometry	2	SAFE_PRESENTATION,DIMENSIONS,DISPLAY_MODE,CALIBRATION	pstvnc_video_geometry_safe_area_rect
working/b4a/ps2vnc_calibration_tail.inc	749	779	calculate_presented_desktop_geometry	2	SAFE_PRESENTATION,DIMENSIONS,DISPLAY_MODE	calculate_safe_desktop_geometry,pstvnc_video_geometry_presented_rect
working/b4a/ps2vnc_display_tail.inc	1	1449	display_live_desktop	2	SCALING_ASPECT,MAPPING,DISPLAY_MODE,FRAMEBUFFER_RFB,CALIBRATION,GS_TRANSPORT	calculate_presented_desktop_geometry,debug_emit_geometry_snapshot,debug_emit_now,display_confirm_arm_transaction,display_confirm_disarm_transaction,display_confirm_remaining_seconds,display_confirm_render_bitmap,display_confirm_return_to_active_menu,display_menu_normalize_selection,display_menu_render_bitmap,display_menu_selection_for_mode,display_menu_tab_for_mode,display_mode_request_target,display_restore_ack_render_bitmap,osk_render_bitmap,perform_manual_rfb_recovery,profile_emit_now,ps2vnc_config_apply_display,ps2vnc_config_get_display_for_mode,ps2vnc_config_presented_geometry_for_mode,ps2vnc_display_begin_update,ps2vnc_display_commit_update,ps2vnc_display_create,ps2vnc_display_direct_write_cancel,ps2vnc_display_draw_desktop,ps2vnc_display_finish_draw,ps2vnc_display_finish_update_decode,ps2vnc_display_flip,ps2vnc_display_logical_desktop_size,ps2vnc_display_output_x,ps2vnc_display_output_y,ps2vnc_display_policy_hide_to_pi,ps2vnc_display_policy_lock_to_pi,ps2vnc_display_policy_refresh_from_pi,ps2vnc_display_prepare_desktop,ps2vnc_display_prepare_osk,ps2vnc_display_profile_capture_active,ps2vnc_display_profile_resolve_candidate,ps2vnc_display_transaction_ack_to_pi,ps2vnc_display_transaction_begin_to_pi,ps2vnc_display_transaction_commit_to_pi,ps2vnc_display_wait_presentation_memory_idle,ps2vnc_display_wait_texture_idle,ps2vnc_global_rollback_display_transaction,ps2vnc_remote_control_poll_idle,ps2vnc_remote_display_fail,ps2vnc_remote_display_lease_expired,ps2vnc_remote_result_post,ps2vnc_run_runtime_calibration,ps2vnc_startup_finalize_display_transaction,ps2vnc_switch_display_mode,receive_framebuffer_update,recover_rfb_connection,region_fits_u32,request_and_confirm_desktop_size,request_framebuffer,run_screen_fit_calibration,screenf,set_live_encoding,set_raw_encoding,start_controller_thread,system_menu_render_bitmap
working/b4a/ps2vnc_gsHires.c	180	210	gsKit_setpass	2	DIMENSIONS,OFFSETS_CENTERING,GS_TRANSPORT	ps2vnc_hires_pitch_pixels
working/b4a/ps2vnc_management_core.inc	668	682	screen_fit_geometry_valid_for_mode	2	DIMENSIONS,OFFSETS_CENTERING,CALIBRATION	pstvnc_video_geometry_safe_area_valid
working/b4a/ps2vnc_management_core.inc	691	704	screen_fit_geometry_valid	2	DIMENSIONS,OFFSETS_CENTERING,DISPLAY_MODE,CALIBRATION	screen_fit_geometry_valid_for_mode
working/b4a/ps2vnc_management_core.inc	713	765	screen_fit_apply_preset	2	DIMENSIONS,OFFSETS_CENTERING,CALIBRATION	screen_fit_geometry_valid
src/video/geometry.c	6	27	pstvnc_video_geometry_rect_fits	1	DIMENSIONS	
working/b4a/ps2vnc_calibration_tail.inc	38	68	screen_fit_draw_char	1	SCALING_ASPECT,CALIBRATION,GS_TRANSPORT	osk_find_glyph,screen_fit_prim_sprite
working/b4a/ps2vnc_calibration_tail.inc	71	94	screen_fit_draw_text_centered	1	SCALING_ASPECT,CALIBRATION,GS_TRANSPORT	screen_fit_draw_char
working/b4a/ps2vnc_framebuffer_tail.inc	91	429	ps2vnc_update_mapped_hires_dirty_buffer	1	MAPPING,FRAMEBUFFER_RFB,GS_TRANSPORT	ps2vnc_hires_mapped_storage_row,ps2vnc_hires_requires_raster_mapping,ps2vnc_hires_storage_height,ps2vnc_hires_storage_width,region_fits_u32
working/b4a/ps2vnc_framebuffer_tail.inc	705	897	publish_hires_background	1	MAPPING,FRAMEBUFFER_RFB,GS_TRANSPORT	gsKit_hires_set_bg,hires_bg_storage_row,ps2vnc_display_wait_presentation_memory_idle,ps2vnc_hires_mapped_storage_row,ps2vnc_hires_requires_raster_mapping,ps2vnc_hires_storage_height,ps2vnc_hires_storage_width,region_fits_u32
working/b4a/ps2vnc_runtime_tail.inc	1521	1548	osk_draw_char	1	SCALING_ASPECT	osk_fill_rect,osk_find_glyph
working/b4a/ps2vnc_runtime_tail.inc	1550	1570	osk_draw_text_centered	1	SCALING_ASPECT	osk_draw_char
working/b4a/ps2vnc_ui_core.inc	1220	1298	analog_speed_curve_q12	1	SCALING_ASPECT	
working/b4a/ps2vnc_calibration_core.inc	1466	1506	debug_emit_geometry_snapshot	0	FRAMEBUFFER_RFB,CALIBRATION	
working/b4a/ps2vnc_calibration_core.inc	1568	1571	screen_fit_draw_x	0	CALIBRATION	ps2vnc_display_output_x
working/b4a/ps2vnc_calibration_core.inc	1573	1576	screen_fit_draw_y	0	CALIBRATION	ps2vnc_display_output_y
working/b4a/ps2vnc_calibration_core.inc	1578	1584	screen_fit_prim_sprite	0	CALIBRATION,GS_TRANSPORT	screen_fit_draw_x,screen_fit_draw_y
working/b4a/ps2vnc_calibration_tail.inc	3	36	screen_fit_prim_sprite_clipped	0	CALIBRATION,GS_TRANSPORT	screen_fit_prim_sprite
working/b4a/ps2vnc_calibration_tail.inc	110	209	screen_fit_draw_corner_marker	0	CALIBRATION,GS_TRANSPORT	screen_fit_prim_sprite
working/b4a/ps2vnc_calibration_tail.inc	1299	1320	ps2vnc_display_wait_presentation_memory_idle	0	DISPLAY_MODE,GS_TRANSPORT	gsKit_hires_sync
working/b4a/ps2vnc_framebuffer_core.inc	108	133	hextile_fill_rect	0	FRAMEBUFFER_RFB,GS_TRANSPORT	hextile_store_pixel,ps2vnc_display_direct_write_row
working/b4a/ps2vnc_framebuffer_core.inc	191	234	hextile_recv_subrects	0	FRAMEBUFFER_RFB,GS_TRANSPORT	hextile_fill_rect,hextile_recv_pixel,recv_exact
working/b4a/ps2vnc_framebuffer_core.inc	237	334	hextile_recv_rect	0	FRAMEBUFFER_RFB,GS_TRANSPORT	hextile_fill_rect,hextile_recv_pixel,hextile_recv_raw_tile,hextile_recv_subrects,recv_exact
working/b4a/ps2vnc_framebuffer_core.inc	1098	1111	ps2vnc_display_direct_write_active	0	DISPLAY_MODE	ps2vnc_hires_requires_raster_mapping
working/b4a/ps2vnc_framebuffer_core.inc	1113	1126	ps2vnc_display_direct_write_row	0	FRAMEBUFFER_RFB	hires_bg_storage_row,ps2vnc_display_direct_write_active
working/b4a/ps2vnc_framebuffer_core.inc	1128	1131	ps2vnc_display_direct_write_cancel	0		
working/b4a/ps2vnc_runtime_core.inc	68	87	ps2vnc_hires_requires_horizontal_mapping	0	DISPLAY_MODE	ps2vnc_hires_effective_width
working/b4a/ps2vnc_runtime_core.inc	90	109	ps2vnc_hires_requires_vertical_mapping	0	DISPLAY_MODE	ps2vnc_hires_full_frame_height
working/b4a/ps2vnc_runtime_core.inc	112	117	ps2vnc_hires_requires_raster_mapping	0		ps2vnc_hires_requires_horizontal_mapping,ps2vnc_hires_requires_vertical_mapping
working/b4a/ps2vnc_runtime_core.inc	559	599	rfb_dirty_mark_rect	0	FRAMEBUFFER_RFB	
working/b4a/ps2vnc_runtime_tail.inc	1471	1507	osk_fill_rect	0		
