function	module	global
calculate_safe_desktop_geometry	other	screen_fit_full_bypass
calculate_safe_desktop_geometry	other	screen_fit_height
calculate_safe_desktop_geometry	other	screen_fit_offset_x
calculate_safe_desktop_geometry	other	screen_fit_offset_y
calculate_safe_desktop_geometry	other	screen_fit_width
controller_thread	orchestration	active_video_mode
controller_thread	orchestration	controller_loop_counter
controller_thread	orchestration	controller_pad_pause_ack
controller_thread	orchestration	controller_pad_pause_requested
controller_thread	orchestration	controller_thread_error
controller_thread	orchestration	debug_hotkey_action
controller_thread	orchestration	debug_hotkey_hold_polls
controller_thread	orchestration	debug_hotkey_latched
controller_thread	orchestration	debug_hotkey_mask
controller_thread	orchestration	debug_hotkey_quarantine
controller_thread	orchestration	debug_hotkey_settle_target
controller_thread	orchestration	debug_hotkey_stable_polls
controller_thread	orchestration	debug_hotkey_trigger
controller_thread	orchestration	desktop_height
controller_thread	orchestration	desktop_width
controller_thread	orchestration	display_calibration_request
controller_thread	orchestration	display_confirm_action
controller_thread	orchestration	display_confirm_pending
controller_thread	orchestration	display_confirm_seconds
controller_thread	orchestration	display_confirm_selection
controller_thread	orchestration	display_confirm_visible
controller_thread	orchestration	display_hide_locked_modes
controller_thread	orchestration	display_menu_error
controller_thread	orchestration	display_menu_parent_system
controller_thread	orchestration	display_menu_selection
controller_thread	orchestration	display_menu_tab
controller_thread	orchestration	display_menu_visible
controller_thread	orchestration	display_mode_locked
controller_thread	orchestration	display_mode_request
controller_thread	orchestration	display_mode_request_remote
controller_thread	orchestration	display_policy_error
controller_thread	orchestration	display_policy_loaded
controller_thread	orchestration	display_policy_request
controller_thread	orchestration	display_policy_request_selection
controller_thread	orchestration	display_policy_request_value
controller_thread	orchestration	display_restore_ack_request
controller_thread	orchestration	display_restore_ack_visible
controller_thread	orchestration	display_transition_switch_in_progress
controller_thread	orchestration	exit_requested
controller_thread	orchestration	osk_alt
controller_thread	orchestration	osk_col
controller_thread	orchestration	osk_ctrl
controller_thread	orchestration	osk_generation
controller_thread	orchestration	osk_page
controller_thread	orchestration	osk_row
controller_thread	orchestration	osk_shift
controller_thread	orchestration	osk_visible
controller_thread	orchestration	remote_display_state
controller_thread	orchestration	system_menu_countdown_action
controller_thread	orchestration	system_menu_countdown_seconds
controller_thread	orchestration	system_menu_selection
controller_thread	orchestration	system_menu_status
controller_thread	orchestration	system_menu_visible
debug_emit_geometry_snapshot	diag	debug_udp_addr
debug_emit_geometry_snapshot	diag	debug_udp_sock
debug_emit_geometry_snapshot	diag	desktop_height
debug_emit_geometry_snapshot	diag	desktop_output_x
debug_emit_geometry_snapshot	diag	desktop_output_y
debug_emit_geometry_snapshot	diag	desktop_width
debug_emit_geometry_snapshot	diag	force_screen_fit_calibration
debug_emit_geometry_snapshot	diag	ps2vnc_display_config_loaded
debug_emit_geometry_snapshot	diag	screen_fit_full_bypass
debug_emit_geometry_snapshot	diag	screen_fit_height
debug_emit_geometry_snapshot	diag	screen_fit_offset_x
debug_emit_geometry_snapshot	diag	screen_fit_offset_y
debug_emit_geometry_snapshot	diag	screen_fit_width
debug_emit_idle_poll	diag	debug_idle_poll_counter
debug_emit_now	diag	controller_loop_counter
debug_emit_now	diag	controller_pad_pause_ack
debug_emit_now	diag	controller_pad_pause_requested
debug_emit_now	diag	controller_thread_error
debug_emit_now	diag	debug_changed_bytes
debug_emit_now	diag	debug_frame_counter
debug_emit_now	diag	debug_hotkey_action
debug_emit_now	diag	debug_hotkey_hold_polls
debug_emit_now	diag	debug_hotkey_latched
debug_emit_now	diag	debug_hotkey_mask
debug_emit_now	diag	debug_hotkey_quarantine
debug_emit_now	diag	debug_hotkey_settle_target
debug_emit_now	diag	debug_hotkey_stable_polls
debug_emit_now	diag	debug_hotkey_trigger
debug_emit_now	diag	debug_stage_id
debug_emit_now	diag	debug_transition_phase
debug_emit_now	diag	debug_udp_addr
debug_emit_now	diag	debug_udp_sock
debug_emit_now	diag	display_menu_visible
debug_emit_now	diag	live_encoding
debug_emit_now	diag	live_hdr_end_end
debug_emit_now	diag	live_hdr_end_pos
debug_emit_now	diag	live_hdr_raw
debug_emit_now	diag	live_hdr_recv_call
debug_emit_now	diag	live_hdr_recv_n
debug_emit_now	diag	live_hdr_start_avail
debug_emit_now	diag	live_hdr_start_end
debug_emit_now	diag	live_hdr_start_pos
debug_emit_now	diag	live_message_type
debug_emit_now	diag	live_rect_count
debug_emit_now	diag	live_rect_h
debug_emit_now	diag	live_rect_index
debug_emit_now	diag	live_rect_w
debug_emit_now	diag	live_rect_x
debug_emit_now	diag	live_rect_y
debug_emit_now	diag	osk_visible
debug_emit_now	diag	rfb_out_count
debug_emit_now	diag	runtime_action_request
debug_emit_now	diag	system_menu_countdown_seconds
debug_emit_now	diag	system_menu_visible
debug_udp_init	diag	debug_udp_addr
debug_udp_init	diag	debug_udp_sock
display_confirm_arm_transaction	display_control	active_display_backend
display_confirm_arm_transaction	display_control	desktop_height
display_confirm_arm_transaction	display_control	desktop_width
display_confirm_arm_transaction	display_control	display_confirm_action
display_confirm_arm_transaction	display_control	display_confirm_pending
display_confirm_arm_transaction	display_control	display_confirm_previous_backend
display_confirm_arm_transaction	display_control	display_confirm_previous_desktop_h
display_confirm_arm_transaction	display_control	display_confirm_previous_desktop_w
display_confirm_arm_transaction	display_control	display_confirm_previous_h
display_confirm_arm_transaction	display_control	display_confirm_previous_mode
display_confirm_arm_transaction	display_control	display_confirm_previous_screen_fit_full_bypass
display_confirm_arm_transaction	display_control	display_confirm_previous_screen_fit_height
display_confirm_arm_transaction	display_control	display_confirm_previous_screen_fit_offset_x
display_confirm_arm_transaction	display_control	display_confirm_previous_screen_fit_offset_y
display_confirm_arm_transaction	display_control	display_confirm_previous_screen_fit_width
display_confirm_arm_transaction	display_control	display_confirm_previous_w
display_confirm_arm_transaction	display_control	display_confirm_previous_x
display_confirm_arm_transaction	display_control	display_confirm_previous_y
display_confirm_arm_transaction	display_control	display_confirm_seconds
display_confirm_arm_transaction	display_control	display_confirm_selection
display_confirm_arm_transaction	display_control	display_confirm_started_tick
display_confirm_arm_transaction	display_control	display_confirm_visible
display_confirm_disarm_transaction	display_control	display_confirm_action
display_confirm_disarm_transaction	display_control	display_confirm_pending
display_confirm_disarm_transaction	display_control	display_confirm_previous_backend
display_confirm_disarm_transaction	display_control	display_confirm_previous_desktop_h
display_confirm_disarm_transaction	display_control	display_confirm_previous_desktop_w
display_confirm_disarm_transaction	display_control	display_confirm_previous_h
display_confirm_disarm_transaction	display_control	display_confirm_previous_mode
display_confirm_disarm_transaction	display_control	display_confirm_previous_screen_fit_full_bypass
display_confirm_disarm_transaction	display_control	display_confirm_previous_screen_fit_height
display_confirm_disarm_transaction	display_control	display_confirm_previous_screen_fit_offset_x
display_confirm_disarm_transaction	display_control	display_confirm_previous_screen_fit_offset_y
display_confirm_disarm_transaction	display_control	display_confirm_previous_screen_fit_width
display_confirm_disarm_transaction	display_control	display_confirm_previous_w
display_confirm_disarm_transaction	display_control	display_confirm_previous_x
display_confirm_disarm_transaction	display_control	display_confirm_previous_y
display_confirm_disarm_transaction	display_control	display_confirm_seconds
display_confirm_disarm_transaction	display_control	display_confirm_started_tick
display_confirm_disarm_transaction	display_control	display_confirm_visible
display_confirm_remaining_seconds	display_control	display_confirm_pending
display_confirm_remaining_seconds	display_control	display_confirm_started_tick
display_confirm_render_bitmap	ui	active_video_mode
display_confirm_render_bitmap	ui	display_confirm_previous_mode
display_confirm_render_bitmap	ui	display_confirm_seconds
display_confirm_render_bitmap	ui	display_confirm_selection
display_confirm_return_to_active_menu	display_control	display_restore_ack_visible
display_confirm_return_to_active_menu	display_control	remote_display_suppress_next_active_menu_return
display_live_desktop	orchestration	active_video_mode
display_live_desktop	orchestration	controller_thread_error
display_live_desktop	orchestration	debug_changed_bytes
display_live_desktop	orchestration	debug_frame_counter
display_live_desktop	orchestration	debug_stage_id
display_live_desktop	orchestration	desktop_geometry_locked
display_live_desktop	orchestration	desktop_height
display_live_desktop	orchestration	desktop_output_height
display_live_desktop	orchestration	desktop_output_width
display_live_desktop	orchestration	desktop_output_x
display_live_desktop	orchestration	desktop_output_y
display_live_desktop	orchestration	desktop_width
display_live_desktop	orchestration	display_calibration_request
display_live_desktop	orchestration	display_confirm_action
display_live_desktop	orchestration	display_confirm_pending
display_live_desktop	orchestration	display_confirm_seconds
display_live_desktop	orchestration	display_confirm_selection
display_live_desktop	orchestration	display_confirm_visible
display_live_desktop	orchestration	display_hide_locked_modes
display_live_desktop	orchestration	display_menu_error
display_live_desktop	orchestration	display_menu_parent_system
display_live_desktop	orchestration	display_menu_selection
display_live_desktop	orchestration	display_menu_tab
display_live_desktop	orchestration	display_menu_visible
display_live_desktop	orchestration	display_mode_locked
display_live_desktop	orchestration	display_mode_request
display_live_desktop	orchestration	display_mode_request_remote
display_live_desktop	orchestration	display_policy_error
display_live_desktop	orchestration	display_policy_loaded
display_live_desktop	orchestration	display_policy_request
display_live_desktop	orchestration	display_policy_request_selection
display_live_desktop	orchestration	display_policy_request_value
display_live_desktop	orchestration	display_restore_ack_mode
display_live_desktop	orchestration	display_restore_ack_request
display_live_desktop	orchestration	display_restore_ack_visible
display_live_desktop	orchestration	display_switch_failure_stage
display_live_desktop	orchestration	display_transition_switch_in_progress
display_live_desktop	orchestration	exit_requested
display_live_desktop	orchestration	force_screen_fit_calibration
display_live_desktop	orchestration	live_encoding
display_live_desktop	orchestration	live_error_code
display_live_desktop	orchestration	live_hdr_raw
display_live_desktop	orchestration	live_hdr_recv_n
display_live_desktop	orchestration	live_hdr_start_avail
display_live_desktop	orchestration	live_message_type
display_live_desktop	orchestration	live_rect_count
display_live_desktop	orchestration	live_rect_h
display_live_desktop	orchestration	live_rect_index
display_live_desktop	orchestration	live_rect_w
display_live_desktop	orchestration	live_rect_x
display_live_desktop	orchestration	live_rect_y
display_live_desktop	orchestration	live_update_raw
display_live_desktop	orchestration	osk_generation
display_live_desktop	orchestration	osk_visible
display_live_desktop	orchestration	profile_changed_bytes
display_live_desktop	orchestration	profile_dirty_wait_ticks
display_live_desktop	orchestration	profile_flip_ticks
display_live_desktop	orchestration	profile_present_sync_ticks
display_live_desktop	orchestration	profile_rfb_start_tick
display_live_desktop	orchestration	profile_rfb_ticks
display_live_desktop	orchestration	profile_rfb_updates
display_live_desktop	orchestration	ps2vnc_display_config_loaded
display_live_desktop	orchestration	remote_display_error_code
display_live_desktop	orchestration	remote_display_lease_seconds
display_live_desktop	orchestration	remote_display_lease_started_tick
display_live_desktop	orchestration	remote_display_state
display_live_desktop	orchestration	remote_display_txid
display_live_desktop	orchestration	rfb_confirm_live_yield_enabled
display_live_desktop	orchestration	rfb_confirm_wait_generation
display_live_desktop	orchestration	rfb_connected
display_live_desktop	orchestration	runtime_action_request
display_live_desktop	orchestration	screen_fit_full_bypass
display_live_desktop	orchestration	screen_fit_height
display_live_desktop	orchestration	screen_fit_offset_x
display_live_desktop	orchestration	screen_fit_offset_y
display_live_desktop	orchestration	screen_fit_width
display_live_desktop	orchestration	system_menu_visible
display_live_desktop	orchestration	video_modes
display_menu_mode_at_selection	ui	video_modes
display_menu_mode_visible	ui	active_video_mode
display_menu_mode_visible	ui	display_hide_locked_modes
display_menu_mode_visible	ui	display_mode_locked
display_menu_move_horizontal_selection	ui	display_menu_selection
display_menu_move_horizontal_selection	ui	display_menu_tab
display_menu_move_horizontal_selection	ui	display_menu_tab_selection
display_menu_move_vertical_selection	ui	display_menu_tab
display_menu_move_vertical_selection	ui	display_menu_tab_selection
display_menu_normalize_selection	ui	display_menu_selection
display_menu_normalize_selection	ui	display_menu_tab
display_menu_normalize_selection	ui	display_menu_tab_selection
display_menu_open_for_active	ui	active_video_mode
display_menu_open_for_active	ui	display_menu_error
display_menu_open_for_active	ui	display_menu_parent_system
display_menu_open_for_active	ui	display_menu_selection
display_menu_open_for_active	ui	display_menu_tab
display_menu_open_for_active	ui	display_menu_tab_selection
display_menu_open_for_active	ui	display_menu_visible
display_menu_open_for_active	ui	display_policy_error
display_menu_open_for_active	ui	display_policy_loaded
display_menu_open_for_active	ui	display_policy_request
display_menu_open_for_active	ui	osk_generation
display_menu_render_bitmap	ui	active_video_mode
display_menu_render_bitmap	ui	display_hide_locked_modes
display_menu_render_bitmap	ui	display_menu_error
display_menu_render_bitmap	ui	display_menu_selection
display_menu_render_bitmap	ui	display_menu_tab
display_menu_render_bitmap	ui	display_mode_locked
display_menu_render_bitmap	ui	display_policy_error
display_menu_render_bitmap	ui	display_policy_request
display_menu_render_bitmap	ui	video_modes
display_menu_selection_for_mode	ui	video_modes
display_restore_ack_render_bitmap	ui	display_restore_ack_mode
flush_rfb_outgoing	rfb_transport	rfb_out_count
flush_rfb_outgoing	rfb_transport	rfb_out_head
flush_rfb_outgoing	rfb_transport	rfb_out_queue
flush_rfb_outgoing	rfb_transport	rfb_queue_sema
hextile_fill_rect	rfb_decode	desktop_width
hextile_recv_raw_tile	rfb_decode	desktop_width
hires_bg_is_field_separated	display_backend	active_video_mode
main	core	debug_stage_id
main	core	force_screen_fit_calibration
main	core	live_encoding
main	core	live_error_code
main	core	live_hdr_raw
main	core	live_message_type
main	core	live_rect_count
main	core	live_rect_h
main	core	live_rect_index
main	core	live_rect_w
main	core	live_rect_x
main	core	live_rect_y
main	core	live_update_raw
main	core	pad_area
main	core	rfb_last_recv_call
main	core	rfb_last_recv_n
main	core	rfb_rx_end
main	core	rfb_rx_pos
main	core	rfb_rx_syscalls
main	core	screen_row
osk_activate_selected	ui	osk_alt
osk_activate_selected	ui	osk_col
osk_activate_selected	ui	osk_ctrl
osk_activate_selected	ui	osk_func_keysyms
osk_activate_selected	ui	osk_generation
osk_activate_selected	ui	osk_page
osk_activate_selected	ui	osk_row
osk_activate_selected	ui	osk_shift
osk_clear_one_shot_modifiers	ui	osk_alt
osk_clear_one_shot_modifiers	ui	osk_ctrl
osk_clear_one_shot_modifiers	ui	osk_generation
osk_clear_one_shot_modifiers	ui	osk_shift
osk_display_char	ui	osk_abc_rows
osk_display_char	ui	osk_shift
osk_fill_rect	ui	osk_pixels
osk_find_glyph	ui	osk_font
osk_move_horizontal	ui	osk_col
osk_move_horizontal	ui	osk_generation
osk_move_horizontal	ui	osk_row
osk_move_vertical	ui	osk_col
osk_move_vertical	ui	osk_generation
osk_move_vertical	ui	osk_row
osk_render_bitmap	ui	osk_alt
osk_render_bitmap	ui	osk_col
osk_render_bitmap	ui	osk_ctrl
osk_render_bitmap	ui	osk_func_labels
osk_render_bitmap	ui	osk_page
osk_render_bitmap	ui	osk_row
osk_render_bitmap	ui	osk_shift
osk_render_bitmap	ui	osk_special_labels
osk_row_length	ui	osk_page
osk_row_length	ui	osk_page_row_lengths
osk_send_extended_key_with_modifiers	ui	osk_alt
osk_send_extended_key_with_modifiers	ui	osk_ctrl
osk_send_extended_key_with_modifiers	ui	osk_shift
osk_send_key_with_modifiers	ui	osk_alt
osk_send_key_with_modifiers	ui	osk_ctrl
perform_manual_rfb_recovery	other	osk_generation
perform_manual_rfb_recovery	other	runtime_action_request
perform_manual_rfb_recovery	other	system_menu_countdown_action
perform_manual_rfb_recovery	other	system_menu_countdown_seconds
perform_manual_rfb_recovery	other	system_menu_selection
perform_manual_rfb_recovery	other	system_menu_status
perform_manual_rfb_recovery	other	system_menu_visible
perform_manual_rfb_recovery	other	system_refresh_cooldown_started_tick
perform_manual_rfb_recovery	other	system_refresh_state
probe_extended_desktop_size	other	desktop_height
probe_extended_desktop_size	other	desktop_width
probe_extended_desktop_size	other	rfb_extended_desktop_height
probe_extended_desktop_size	other	rfb_extended_desktop_reason
probe_extended_desktop_size	other	rfb_extended_desktop_result
probe_extended_desktop_size	other	rfb_extended_desktop_screen_count
probe_extended_desktop_size	other	rfb_extended_desktop_seen
probe_extended_desktop_size	other	rfb_extended_desktop_width
probe_extended_desktop_size	other	rfb_first_screen_flags
probe_extended_desktop_size	other	rfb_first_screen_height
probe_extended_desktop_size	other	rfb_first_screen_id
probe_extended_desktop_size	other	rfb_first_screen_width
probe_extended_desktop_size	other	rfb_first_screen_x
probe_extended_desktop_size	other	rfb_first_screen_y
profile_emit_now	diag	debug_frame_counter
profile_emit_now	diag	debug_udp_addr
profile_emit_now	diag	debug_udp_sock
profile_emit_now	diag	profile_changed_bytes
profile_emit_now	diag	profile_dirty_updates
profile_emit_now	diag	profile_dirty_wait_ticks
profile_emit_now	diag	profile_dirty_work_ticks
profile_emit_now	diag	profile_flip_ticks
profile_emit_now	diag	profile_hextile_rects
profile_emit_now	diag	profile_hextile_rx_wait_ticks
profile_emit_now	diag	profile_hextile_ticks
profile_emit_now	diag	profile_present_sync_ticks
profile_emit_now	diag	profile_raw_rects
profile_emit_now	diag	profile_rfb_ticks
profile_emit_now	diag	profile_rfb_updates
profile_emit_now	diag	profile_rx_wait_ticks
ps2vnc_config_load_from_pi	config	active_video_mode
ps2vnc_config_load_from_pi	config	ps2vnc_display_config_loaded
ps2vnc_config_load_from_pi	config	startup_confirmed_display_profile
ps2vnc_config_load_from_pi	config	startup_confirmed_display_profile_loaded
ps2vnc_controller_pad_acquire	input	controller_pad_pause_ack
ps2vnc_controller_pad_acquire	input	controller_pad_pause_requested
ps2vnc_controller_pad_acquire	input	controller_thread_error
ps2vnc_controller_pad_acquire	input	exit_requested
ps2vnc_controller_pad_release	input	controller_pad_pause_ack
ps2vnc_controller_pad_release	input	controller_pad_pause_requested
ps2vnc_discard_controller_rfb_queue	other	rfb_out_count
ps2vnc_discard_controller_rfb_queue	other	rfb_out_head
ps2vnc_discard_controller_rfb_queue	other	rfb_out_tail
ps2vnc_discard_controller_rfb_queue	other	rfb_queue_sema
ps2vnc_display_begin_update	other	active_display_backend
ps2vnc_display_begin_update	other	live_direct_present_safe
ps2vnc_display_commit_update	display_backend	active_display_backend
ps2vnc_display_commit_update_hires	display_backend	hires_bg_back_buffer
ps2vnc_display_commit_update_hires	display_backend	hires_bg_buffer
ps2vnc_display_commit_update_hires	display_backend	hires_mapped_source_framebuffer
ps2vnc_display_commit_update_hires	display_backend	live_direct_present_buffer
ps2vnc_display_commit_update_hires	display_backend	live_error_code
ps2vnc_display_commit_update_hires	display_backend	live_linear_framebuffer_stale
ps2vnc_display_commit_update_hires	display_backend	profile_dirty_updates
ps2vnc_display_commit_update_hires	display_backend	profile_dirty_work_start_tick
ps2vnc_display_commit_update_hires	display_backend	profile_dirty_work_ticks
ps2vnc_display_commit_update_hires	display_backend	rfb_dirty_valid
ps2vnc_display_commit_update_standard	display_backend	desktop_height
ps2vnc_display_commit_update_standard	display_backend	desktop_width
ps2vnc_display_commit_update_standard	display_backend	live_error_code
ps2vnc_display_commit_update_standard	display_backend	live_linear_framebuffer_stale
ps2vnc_display_commit_update_standard	display_backend	profile_dirty_updates
ps2vnc_display_commit_update_standard	display_backend	profile_dirty_work_start_tick
ps2vnc_display_commit_update_standard	display_backend	profile_dirty_work_ticks
ps2vnc_display_commit_update_standard	display_backend	rfb_dirty_valid
ps2vnc_display_create	other	active_display_backend
ps2vnc_display_create	other	active_video_mode
ps2vnc_display_create_hires	display_backend	active_video_mode
ps2vnc_display_create_hires	display_backend	debug_stage_id
ps2vnc_display_create_standard	other	active_video_mode
ps2vnc_display_create_standard	other	debug_stage_id
ps2vnc_display_destroy	other	active_display_backend
ps2vnc_display_direct_write_active	display_backend	active_display_backend
ps2vnc_display_direct_write_active	display_backend	live_direct_present_buffer
ps2vnc_display_direct_write_active	display_backend	live_direct_present_safe
ps2vnc_display_direct_write_cancel	display_backend	live_direct_present_safe
ps2vnc_display_direct_write_row	display_backend	desktop_height
ps2vnc_display_direct_write_row	display_backend	desktop_output_x
ps2vnc_display_direct_write_row	display_backend	desktop_output_y
ps2vnc_display_direct_write_row	display_backend	desktop_width
ps2vnc_display_direct_write_row	display_backend	live_direct_present_buffer
ps2vnc_display_draw_desktop	display_backend	active_display_backend
ps2vnc_display_draw_desktop	display_backend	desktop_height
ps2vnc_display_draw_desktop	display_backend	desktop_output_height
ps2vnc_display_draw_desktop	display_backend	desktop_output_width
ps2vnc_display_draw_desktop	display_backend	desktop_output_x
ps2vnc_display_draw_desktop	display_backend	desktop_output_y
ps2vnc_display_draw_desktop	display_backend	desktop_width
ps2vnc_display_finish_draw	display_backend	active_display_backend
ps2vnc_display_finish_update_decode	other	live_direct_present_safe
ps2vnc_display_flip	other	active_display_backend
ps2vnc_display_logical_desktop_size	display_geometry	active_display_backend
ps2vnc_display_logical_desktop_size	display_geometry	active_video_mode
ps2vnc_display_output_x	other	active_display_backend
ps2vnc_display_output_x	other	active_video_mode
ps2vnc_display_output_y	other	active_display_backend
ps2vnc_display_output_y	other	active_video_mode
ps2vnc_display_policy_lock_to_pi	other	active_video_mode
ps2vnc_display_policy_refresh_from_pi	other	display_hide_locked_modes
ps2vnc_display_policy_refresh_from_pi	other	display_mode_locked
ps2vnc_display_policy_refresh_from_pi	other	display_policy_loaded
ps2vnc_display_prepare_desktop	other	active_display_backend
ps2vnc_display_prepare_desktop_hires	display_backend	hires_bg_back_buffer
ps2vnc_display_prepare_desktop_hires	display_backend	hires_bg_buffer
ps2vnc_display_prepare_desktop_hires	display_backend	hires_bg_configured
ps2vnc_display_prepare_desktop_hires	display_backend	hires_mapped_source_framebuffer
ps2vnc_display_prepare_desktop_hires	display_backend	live_direct_present_buffer
ps2vnc_display_prepare_desktop_hires	display_backend	live_direct_present_safe
ps2vnc_display_prepare_desktop_standard	other	debug_stage_id
ps2vnc_display_prepare_desktop_standard	other	desktop_height
ps2vnc_display_prepare_desktop_standard	other	desktop_width
ps2vnc_display_prepare_desktop_standard	other	live_linear_framebuffer_stale
ps2vnc_display_prepare_osk	other	osk_pixels
ps2vnc_display_profile_capture_active	other	active_display_backend
ps2vnc_display_profile_capture_active	other	active_video_mode
ps2vnc_display_profile_capture_active	other	desktop_height
ps2vnc_display_profile_capture_active	other	desktop_output_height
ps2vnc_display_profile_capture_active	other	desktop_output_width
ps2vnc_display_profile_capture_active	other	desktop_output_x
ps2vnc_display_profile_capture_active	other	desktop_output_y
ps2vnc_display_profile_capture_active	other	desktop_width
ps2vnc_display_publish_full_desktop	display_backend	active_display_backend
ps2vnc_display_publish_full_desktop_hires	display_backend	hires_bg_back_buffer
ps2vnc_display_publish_full_desktop_hires	display_backend	hires_bg_buffer
ps2vnc_display_publish_full_desktop_hires	display_backend	live_direct_present_buffer
ps2vnc_display_publish_full_desktop_hires	display_backend	live_direct_present_safe
ps2vnc_display_publish_full_desktop_hires	display_backend	live_linear_framebuffer_stale
ps2vnc_display_publish_full_desktop_standard	display_backend	debug_stage_id
ps2vnc_display_publish_full_desktop_standard	display_backend	desktop_height
ps2vnc_display_publish_full_desktop_standard	display_backend	desktop_width
ps2vnc_display_publish_full_desktop_standard	display_backend	live_linear_framebuffer_stale
ps2vnc_display_release_ee_buffers	other	hires_bg_back_buffer
ps2vnc_display_release_ee_buffers	other	hires_bg_buffer
ps2vnc_display_release_ee_buffers	other	hires_bg_configured
ps2vnc_display_release_ee_buffers	other	hires_mapped_source_framebuffer
ps2vnc_display_release_ee_buffers	other	live_direct_present_buffer
ps2vnc_display_release_ee_buffers	other	live_direct_present_safe
ps2vnc_display_release_ee_buffers	other	live_linear_framebuffer_stale
ps2vnc_display_save_to_pi	other	active_video_mode
ps2vnc_display_transaction_select_startup_authority	other	startup_authoritative_display_profile
ps2vnc_display_transaction_select_startup_authority	other	startup_authoritative_display_profile_loaded
ps2vnc_display_transaction_select_startup_authority	other	startup_confirmed_display_profile
ps2vnc_display_transaction_select_startup_authority	other	startup_confirmed_display_profile_loaded
ps2vnc_display_transaction_select_startup_authority	other	startup_display_commit_finish_required
ps2vnc_display_transaction_select_startup_authority	other	startup_display_restore_ack_required
ps2vnc_display_transaction_select_startup_authority	other	startup_display_restore_required
ps2vnc_display_transaction_select_startup_authority	other	startup_display_restored_mark_required
ps2vnc_display_transaction_select_startup_authority	other	startup_display_transaction
ps2vnc_display_transaction_select_startup_authority	other	startup_display_transaction_loaded
ps2vnc_display_transaction_startup_preflight	other	startup_authoritative_display_profile
ps2vnc_display_transaction_startup_preflight	other	startup_authoritative_display_profile_loaded
ps2vnc_display_transaction_startup_preflight	other	startup_display_transaction
ps2vnc_display_transaction_startup_preflight	other	startup_display_transaction_loaded
ps2vnc_display_wait_presentation_memory_idle	display_backend	active_display_backend
ps2vnc_display_wait_texture_idle	other	active_display_backend
ps2vnc_global_rollback_display_transaction	display_control	active_video_mode
ps2vnc_global_rollback_display_transaction	display_control	display_confirm_previous_mode
ps2vnc_global_rollback_display_transaction	display_control	remote_display_error_code
ps2vnc_global_rollback_display_transaction	display_control	remote_display_state
ps2vnc_global_rollback_display_transaction	display_control	remote_display_suppress_next_active_menu_return
ps2vnc_hires_effective_width	display_backend	active_video_mode
ps2vnc_hires_full_frame_height	display_backend	active_video_mode
ps2vnc_hires_requires_horizontal_mapping	display_backend	active_video_mode
ps2vnc_hires_requires_vertical_mapping	display_backend	active_video_mode
ps2vnc_hires_storage_height	display_backend	active_video_mode
ps2vnc_publish_mapped_hires_dirty_frame	display_backend	hires_bg_back_buffer
ps2vnc_publish_mapped_hires_dirty_frame	display_backend	hires_bg_buffer
ps2vnc_publish_mapped_hires_dirty_frame	display_backend	hires_bg_configured
ps2vnc_publish_mapped_hires_dirty_frame	display_backend	live_direct_present_buffer
ps2vnc_publish_mapped_hires_dirty_frame	display_backend	live_direct_present_safe
ps2vnc_publish_mapped_hires_dirty_frame	display_backend	live_linear_framebuffer_stale
ps2vnc_publish_mapped_hires_hidden_frame	display_backend	hires_bg_back_buffer
ps2vnc_publish_mapped_hires_hidden_frame	display_backend	hires_bg_buffer
ps2vnc_publish_mapped_hires_hidden_frame	display_backend	hires_bg_configured
ps2vnc_publish_mapped_hires_hidden_frame	display_backend	live_direct_present_buffer
ps2vnc_publish_mapped_hires_hidden_frame	display_backend	live_direct_present_safe
ps2vnc_publish_restored_ack	other	active_video_mode
ps2vnc_publish_restored_ack	other	display_menu_visible
ps2vnc_publish_restored_ack	other	display_restore_ack_mode
ps2vnc_publish_restored_ack	other	display_restore_ack_request
ps2vnc_publish_restored_ack	other	display_restore_ack_visible
ps2vnc_publish_restored_ack	other	osk_generation
ps2vnc_publish_restored_ack	other	osk_visible
ps2vnc_publish_restored_ack	other	system_menu_visible
ps2vnc_reconfigure_current_desktop_hires	display_backend	active_display_backend
ps2vnc_reconfigure_current_desktop_hires	display_backend	desktop_geometry_locked
ps2vnc_reconfigure_current_desktop_hires	display_backend	desktop_height
ps2vnc_reconfigure_current_desktop_hires	display_backend	desktop_output_height
ps2vnc_reconfigure_current_desktop_hires	display_backend	desktop_output_width
ps2vnc_reconfigure_current_desktop_hires	display_backend	desktop_output_x
ps2vnc_reconfigure_current_desktop_hires	display_backend	desktop_output_y
ps2vnc_reconfigure_current_desktop_hires	display_backend	desktop_width
ps2vnc_reconfigure_current_desktop_standard	other	active_display_backend
ps2vnc_reconfigure_current_desktop_standard	other	active_video_mode
ps2vnc_reconfigure_current_desktop_standard	other	desktop_geometry_locked
ps2vnc_reconfigure_current_desktop_standard	other	desktop_height
ps2vnc_reconfigure_current_desktop_standard	other	desktop_output_height
ps2vnc_reconfigure_current_desktop_standard	other	desktop_output_width
ps2vnc_reconfigure_current_desktop_standard	other	desktop_output_x
ps2vnc_reconfigure_current_desktop_standard	other	desktop_output_y
ps2vnc_reconfigure_current_desktop_standard	other	desktop_width
ps2vnc_remote_control_poll_idle	display_control	active_video_mode
ps2vnc_remote_control_poll_idle	display_control	controller_pad_pause_requested
ps2vnc_remote_control_poll_idle	display_control	display_calibration_request
ps2vnc_remote_control_poll_idle	display_control	display_confirm_action
ps2vnc_remote_control_poll_idle	display_control	display_confirm_pending
ps2vnc_remote_control_poll_idle	display_control	display_mode_request
ps2vnc_remote_control_poll_idle	display_control	display_mode_request_remote
ps2vnc_remote_control_poll_idle	display_control	display_transition_switch_in_progress
ps2vnc_remote_control_poll_idle	display_control	remote_display_baseline_mode
ps2vnc_remote_control_poll_idle	display_control	remote_display_error_code
ps2vnc_remote_control_poll_idle	display_control	remote_display_last_poll_tick
ps2vnc_remote_control_poll_idle	display_control	remote_display_lease_seconds
ps2vnc_remote_control_poll_idle	display_control	remote_display_state
ps2vnc_remote_control_poll_idle	display_control	remote_display_txid
ps2vnc_remote_display_fail	other	remote_display_error_code
ps2vnc_remote_display_lease_expired	other	display_confirm_action
ps2vnc_remote_display_lease_expired	other	display_confirm_pending
ps2vnc_remote_display_lease_expired	other	remote_display_error_code
ps2vnc_remote_display_lease_expired	other	remote_display_lease_seconds
ps2vnc_remote_display_lease_expired	other	remote_display_lease_started_tick
ps2vnc_remote_display_lease_expired	other	remote_display_state
ps2vnc_remote_display_lease_expired	other	remote_display_txid
ps2vnc_remote_display_reset	other	display_mode_request_remote
ps2vnc_remote_display_reset	other	remote_display_baseline_mode
ps2vnc_remote_display_reset	other	remote_display_error_code
ps2vnc_remote_display_reset	other	remote_display_lease_seconds
ps2vnc_remote_display_reset	other	remote_display_lease_started_tick
ps2vnc_remote_display_reset	other	remote_display_state
ps2vnc_remote_display_reset	other	remote_display_txid
ps2vnc_remote_result_post	other	active_video_mode
ps2vnc_remote_result_post	other	remote_display_baseline_mode
ps2vnc_remote_result_post	other	remote_display_txid
ps2vnc_rollback_display_transaction	display_control	active_display_backend
ps2vnc_rollback_display_transaction	display_control	active_video_mode
ps2vnc_rollback_display_transaction	display_control	desktop_height
ps2vnc_rollback_display_transaction	display_control	desktop_output_height
ps2vnc_rollback_display_transaction	display_control	desktop_output_width
ps2vnc_rollback_display_transaction	display_control	desktop_output_x
ps2vnc_rollback_display_transaction	display_control	desktop_output_y
ps2vnc_rollback_display_transaction	display_control	desktop_width
ps2vnc_rollback_display_transaction	display_control	display_confirm_action
ps2vnc_rollback_display_transaction	display_control	display_confirm_pending
ps2vnc_rollback_display_transaction	display_control	display_confirm_previous_backend
ps2vnc_rollback_display_transaction	display_control	display_confirm_previous_desktop_h
ps2vnc_rollback_display_transaction	display_control	display_confirm_previous_desktop_w
ps2vnc_rollback_display_transaction	display_control	display_confirm_previous_h
ps2vnc_rollback_display_transaction	display_control	display_confirm_previous_mode
ps2vnc_rollback_display_transaction	display_control	display_confirm_previous_screen_fit_full_bypass
ps2vnc_rollback_display_transaction	display_control	display_confirm_previous_screen_fit_height
ps2vnc_rollback_display_transaction	display_control	display_confirm_previous_screen_fit_offset_x
ps2vnc_rollback_display_transaction	display_control	display_confirm_previous_screen_fit_offset_y
ps2vnc_rollback_display_transaction	display_control	display_confirm_previous_screen_fit_width
ps2vnc_rollback_display_transaction	display_control	display_confirm_previous_w
ps2vnc_rollback_display_transaction	display_control	display_confirm_previous_x
ps2vnc_rollback_display_transaction	display_control	display_confirm_previous_y
ps2vnc_rollback_display_transaction	display_control	display_confirm_visible
ps2vnc_rollback_display_transaction	display_control	osk_generation
ps2vnc_rollback_display_transaction	display_control	rfb_connected
ps2vnc_rollback_display_transaction	display_control	screen_fit_full_bypass
ps2vnc_rollback_display_transaction	display_control	screen_fit_height
ps2vnc_rollback_display_transaction	display_control	screen_fit_offset_x
ps2vnc_rollback_display_transaction	display_control	screen_fit_offset_y
ps2vnc_rollback_display_transaction	display_control	screen_fit_width
ps2vnc_run_runtime_calibration	display_calibration	active_display_backend
ps2vnc_run_runtime_calibration	display_calibration	rfb_queue_sema
ps2vnc_run_runtime_calibration	display_calibration	screen_fit_height
ps2vnc_run_runtime_calibration	display_calibration	screen_fit_offset_x
ps2vnc_run_runtime_calibration	display_calibration	screen_fit_offset_y
ps2vnc_run_runtime_calibration	display_calibration	screen_fit_width
ps2vnc_startup_apply_authoritative_profile	other	active_video_mode
ps2vnc_startup_apply_authoritative_profile	other	startup_authoritative_display_profile
ps2vnc_startup_apply_authoritative_profile	other	startup_authoritative_display_profile_loaded
ps2vnc_startup_apply_authoritative_profile	other	startup_confirmed_display_profile
ps2vnc_startup_apply_authoritative_profile	other	startup_confirmed_display_profile_loaded
ps2vnc_startup_apply_authoritative_profile	other	startup_display_transaction
ps2vnc_startup_apply_authoritative_profile	other	startup_display_transaction_loaded
ps2vnc_startup_connect_reconciled	other	active_video_mode
ps2vnc_startup_connect_reconciled	other	desktop_geometry_locked
ps2vnc_startup_connect_reconciled	other	desktop_height
ps2vnc_startup_connect_reconciled	other	desktop_width
ps2vnc_startup_connect_reconciled	other	startup_authoritative_display_profile
ps2vnc_startup_connect_reconciled	other	startup_authoritative_display_profile_loaded
ps2vnc_startup_connect_reconciled	other	startup_display_transaction
ps2vnc_startup_connect_reconciled	other	startup_display_transaction_loaded
ps2vnc_startup_finalize_display_transaction	other	startup_authoritative_display_profile
ps2vnc_startup_finalize_display_transaction	other	startup_authoritative_display_profile_loaded
ps2vnc_startup_finalize_display_transaction	other	startup_display_commit_finish_required
ps2vnc_startup_finalize_display_transaction	other	startup_display_restore_ack_required
ps2vnc_startup_finalize_display_transaction	other	startup_display_restored_mark_required
ps2vnc_startup_finalize_display_transaction	other	startup_display_transaction
ps2vnc_startup_finalize_display_transaction	other	startup_display_transaction_loaded
ps2vnc_startup_prepare_display_transaction	other	startup_display_restore_required
ps2vnc_startup_prepare_display_transaction	other	startup_display_transaction
ps2vnc_startup_prepare_display_transaction	other	startup_display_transaction_loaded
ps2vnc_switch_display_mode	display_control	debug_transition_phase
ps2vnc_switch_display_mode	display_control	display_switch_failure_stage
ps2vnc_switch_display_mode	display_control	live_error_code
ps2vnc_switch_display_mode	display_control	remote_display_state
ps2vnc_switch_display_mode_core	display_control	active_video_mode
ps2vnc_switch_display_mode_core	display_control	desktop_geometry_locked
ps2vnc_switch_display_mode_core	display_control	desktop_height
ps2vnc_switch_display_mode_core	display_control	desktop_output_height
ps2vnc_switch_display_mode_core	display_control	desktop_output_width
ps2vnc_switch_display_mode_core	display_control	desktop_output_x
ps2vnc_switch_display_mode_core	display_control	desktop_output_y
ps2vnc_switch_display_mode_core	display_control	desktop_width
ps2vnc_switch_display_mode_core	display_control	display_switch_failure_stage
ps2vnc_switch_display_mode_core	display_control	live_error_code
ps2vnc_switch_display_mode_core	display_control	osk_generation
ps2vnc_switch_display_mode_core	display_control	rfb_queue_sema
ps2vnc_system_exit_accept_request	other	exit_requested
ps2vnc_system_exit_accept_request	other	runtime_action_request
ps2vnc_system_overlay_allowed	other	controller_pad_pause_requested
ps2vnc_system_overlay_allowed	other	display_calibration_request
ps2vnc_system_overlay_allowed	other	display_confirm_pending
ps2vnc_system_overlay_allowed	other	display_mode_request
ps2vnc_system_overlay_allowed	other	display_restore_ack_visible
ps2vnc_system_overlay_allowed	other	display_transition_switch_in_progress
ps2vnc_system_refresh_accept_request	other	osk_generation
ps2vnc_system_refresh_accept_request	other	runtime_action_request
ps2vnc_system_refresh_accept_request	other	system_menu_selection
ps2vnc_system_refresh_accept_request	other	system_menu_status
ps2vnc_system_refresh_accept_request	other	system_refresh_cooldown_started_tick
ps2vnc_system_refresh_accept_request	other	system_refresh_state
ps2vnc_system_refresh_update_state	other	osk_generation
ps2vnc_system_refresh_update_state	other	system_menu_status
ps2vnc_system_refresh_update_state	other	system_menu_visible
ps2vnc_system_refresh_update_state	other	system_refresh_cooldown_started_tick
ps2vnc_system_refresh_update_state	other	system_refresh_state
ps2vnc_update_mapped_hires_dirty_buffer	display_backend	desktop_height
ps2vnc_update_mapped_hires_dirty_buffer	display_backend	desktop_output_height
ps2vnc_update_mapped_hires_dirty_buffer	display_backend	desktop_output_width
ps2vnc_update_mapped_hires_dirty_buffer	display_backend	desktop_output_x
ps2vnc_update_mapped_hires_dirty_buffer	display_backend	desktop_output_y
ps2vnc_update_mapped_hires_dirty_buffer	display_backend	desktop_width
ps2vnc_update_mapped_hires_dirty_buffer	display_backend	rfb_dirty_row_valid
ps2vnc_update_mapped_hires_dirty_buffer	display_backend	rfb_dirty_row_x0
ps2vnc_update_mapped_hires_dirty_buffer	display_backend	rfb_dirty_row_x1
ps2vnc_update_mapped_hires_dirty_buffer	display_backend	rfb_dirty_valid
ps2vnc_update_mapped_hires_dirty_buffer	display_backend	rfb_dirty_y0
ps2vnc_update_mapped_hires_dirty_buffer	display_backend	rfb_dirty_y1
ps2vnc_video_mode_by_name	display_geometry	video_modes
publish_hires_background	display_backend	desktop_height
publish_hires_background	display_backend	desktop_output_height
publish_hires_background	display_backend	desktop_output_width
publish_hires_background	display_backend	desktop_output_x
publish_hires_background	display_backend	desktop_output_y
publish_hires_background	display_backend	desktop_width
publish_hires_background	display_backend	hires_bg_buffer
publish_hires_background	display_backend	hires_bg_configured
receive_framebuffer_update	rfb_decode	desktop_height
receive_framebuffer_update	rfb_decode	desktop_width
receive_framebuffer_update	rfb_decode	live_encoding
receive_framebuffer_update	rfb_decode	live_error_code
receive_framebuffer_update	rfb_decode	live_hdr_end_end
receive_framebuffer_update	rfb_decode	live_hdr_end_pos
receive_framebuffer_update	rfb_decode	live_hdr_raw
receive_framebuffer_update	rfb_decode	live_hdr_recv_call
receive_framebuffer_update	rfb_decode	live_hdr_recv_n
receive_framebuffer_update	rfb_decode	live_hdr_start_avail
receive_framebuffer_update	rfb_decode	live_hdr_start_end
receive_framebuffer_update	rfb_decode	live_hdr_start_pos
receive_framebuffer_update	rfb_decode	live_linear_framebuffer_stale
receive_framebuffer_update	rfb_decode	live_message_type
receive_framebuffer_update	rfb_decode	live_rect_count
receive_framebuffer_update	rfb_decode	live_rect_h
receive_framebuffer_update	rfb_decode	live_rect_index
receive_framebuffer_update	rfb_decode	live_rect_w
receive_framebuffer_update	rfb_decode	live_rect_x
receive_framebuffer_update	rfb_decode	live_rect_y
receive_framebuffer_update	rfb_decode	live_update_end_end
receive_framebuffer_update	rfb_decode	live_update_end_pos
receive_framebuffer_update	rfb_decode	live_update_raw
receive_framebuffer_update	rfb_decode	live_update_recv_call
receive_framebuffer_update	rfb_decode	live_update_start_end
receive_framebuffer_update	rfb_decode	live_update_start_pos
receive_framebuffer_update	rfb_decode	profile_hextile_active
receive_framebuffer_update	rfb_decode	profile_hextile_rects
receive_framebuffer_update	rfb_decode	profile_hextile_ticks
receive_framebuffer_update	rfb_decode	profile_raw_rects
receive_framebuffer_update	rfb_decode	rfb_connected
receive_framebuffer_update	rfb_decode	rfb_extended_desktop_height
receive_framebuffer_update	rfb_decode	rfb_extended_desktop_reason
receive_framebuffer_update	rfb_decode	rfb_extended_desktop_result
receive_framebuffer_update	rfb_decode	rfb_extended_desktop_screen_count
receive_framebuffer_update	rfb_decode	rfb_extended_desktop_seen
receive_framebuffer_update	rfb_decode	rfb_extended_desktop_width
receive_framebuffer_update	rfb_decode	rfb_first_screen_flags
receive_framebuffer_update	rfb_decode	rfb_first_screen_height
receive_framebuffer_update	rfb_decode	rfb_first_screen_id
receive_framebuffer_update	rfb_decode	rfb_first_screen_width
receive_framebuffer_update	rfb_decode	rfb_first_screen_x
receive_framebuffer_update	rfb_decode	rfb_first_screen_y
receive_framebuffer_update	rfb_decode	rfb_last_recv_call
receive_framebuffer_update	rfb_decode	rfb_last_recv_n
receive_framebuffer_update	rfb_decode	rfb_message_boundary_local_yield
receive_framebuffer_update	rfb_decode	rfb_resize_expected
receive_framebuffer_update	rfb_decode	rfb_resize_expected_height
receive_framebuffer_update	rfb_decode	rfb_resize_expected_width
receive_framebuffer_update	rfb_decode	rfb_rx_end
receive_framebuffer_update	rfb_decode	rfb_rx_pos
recover_rfb_connection	rfb_transport	controller_thread_error
recover_rfb_connection	rfb_transport	desktop_geometry_locked
recover_rfb_connection	rfb_transport	desktop_height
recover_rfb_connection	rfb_transport	desktop_width
recover_rfb_connection	rfb_transport	exit_requested
recover_rfb_connection	rfb_transport	rfb_connected
recover_rfb_transport_for_display_rollback	rfb_transport	active_video_mode
recover_rfb_transport_for_display_rollback	rfb_transport	controller_thread_error
recover_rfb_transport_for_display_rollback	rfb_transport	desktop_geometry_locked
recover_rfb_transport_for_display_rollback	rfb_transport	exit_requested
recover_rfb_transport_for_display_rollback	rfb_transport	rfb_connected
recv_exact	rfb_transport	display_confirm_action
recv_exact	rfb_transport	display_confirm_pending
recv_exact	rfb_transport	exit_requested
recv_exact	rfb_transport	osk_generation
recv_exact	rfb_transport	profile_hextile_active
recv_exact	rfb_transport	profile_hextile_rx_wait_ticks
recv_exact	rfb_transport	profile_rx_wait_ticks
recv_exact	rfb_transport	rfb_confirm_live_yield_enabled
recv_exact	rfb_transport	rfb_confirm_wait_generation
recv_exact	rfb_transport	rfb_last_recv_call
recv_exact	rfb_transport	rfb_last_recv_n
recv_exact	rfb_transport	rfb_message_boundary_local_yield
recv_exact	rfb_transport	rfb_queue_sema
recv_exact	rfb_transport	rfb_rx_buffer
recv_exact	rfb_transport	rfb_rx_end
recv_exact	rfb_transport	rfb_rx_pos
recv_exact	rfb_transport	rfb_rx_syscalls
recv_exact	rfb_transport	runtime_action_request
request_and_confirm_desktop_size	other	live_error_code
request_and_confirm_desktop_size	other	rfb_extended_desktop_height
request_and_confirm_desktop_size	other	rfb_extended_desktop_reason
request_and_confirm_desktop_size	other	rfb_extended_desktop_result
request_and_confirm_desktop_size	other	rfb_extended_desktop_screen_count
request_and_confirm_desktop_size	other	rfb_extended_desktop_seen
request_and_confirm_desktop_size	other	rfb_extended_desktop_width
request_and_confirm_desktop_size	other	rfb_resize_expected
request_and_confirm_desktop_size	other	rfb_resize_expected_height
request_and_confirm_desktop_size	other	rfb_resize_expected_width
request_framebuffer	rfb_transport	desktop_height
request_framebuffer	rfb_transport	desktop_width
request_framebuffer	rfb_transport	rfb_queue_sema
reset_rfb_transport_state	other	rfb_last_recv_call
reset_rfb_transport_state	other	rfb_last_recv_n
reset_rfb_transport_state	other	rfb_out_count
reset_rfb_transport_state	other	rfb_out_head
reset_rfb_transport_state	other	rfb_out_tail
reset_rfb_transport_state	other	rfb_queue_sema
reset_rfb_transport_state	other	rfb_rx_end
reset_rfb_transport_state	other	rfb_rx_pos
rfb_connect_and_handshake_limited	rfb_transport	desktop_geometry_locked
rfb_connect_and_handshake_limited	rfb_transport	desktop_height
rfb_connect_and_handshake_limited	rfb_transport	desktop_width
rfb_dirty_mark_rect	rfb_decode	rfb_dirty_row_valid
rfb_dirty_mark_rect	rfb_decode	rfb_dirty_row_x0
rfb_dirty_mark_rect	rfb_decode	rfb_dirty_row_x1
rfb_dirty_mark_rect	rfb_decode	rfb_dirty_valid
rfb_dirty_mark_rect	rfb_decode	rfb_dirty_x0
rfb_dirty_mark_rect	rfb_decode	rfb_dirty_x1
rfb_dirty_mark_rect	rfb_decode	rfb_dirty_y0
rfb_dirty_mark_rect	rfb_decode	rfb_dirty_y1
rfb_dirty_reset	rfb_decode	rfb_dirty_row_valid
rfb_dirty_reset	rfb_decode	rfb_dirty_valid
run_screen_fit_calibration	display_calibration	desktop_height
run_screen_fit_calibration	display_calibration	desktop_width
run_screen_fit_calibration	display_calibration	ps2vnc_display_config_loaded
run_screen_fit_calibration	display_calibration	screen_fit_height
run_screen_fit_calibration	display_calibration	screen_fit_offset_x
run_screen_fit_calibration	display_calibration	screen_fit_offset_y
run_screen_fit_calibration	display_calibration	screen_fit_width
runtime_hotkey_has_hold_extension	input	runtime_hotkeys
screen_fit_apply_preset	display_calibration	screen_fit_full_bypass
screen_fit_apply_preset	display_calibration	screen_fit_height
screen_fit_apply_preset	display_calibration	screen_fit_offset_x
screen_fit_apply_preset	display_calibration	screen_fit_offset_y
screen_fit_apply_preset	display_calibration	screen_fit_width
screen_fit_geometry_valid	display_calibration	active_video_mode
screenf	other	screen_row
send_rfb_message	rfb_transport	rfb_connected
send_rfb_message	rfb_transport	rfb_out_count
send_rfb_message	rfb_transport	rfb_out_queue
send_rfb_message	rfb_transport	rfb_out_tail
send_rfb_message	rfb_transport	rfb_queue_sema
send_set_desktop_size_and_probe	other	rfb_first_screen_flags
send_set_desktop_size_and_probe	other	rfb_first_screen_id
start_controller_thread	other	controller_sock
start_controller_thread	other	controller_stack
start_controller_thread	other	controller_thread_error
start_controller_thread	other	exit_requested
start_controller_thread	other	rfb_out_count
start_controller_thread	other	rfb_out_head
start_controller_thread	other	rfb_out_tail
start_controller_thread	other	rfb_queue_sema
sync_copy_hires_dirty_rows	display_backend	desktop_height
sync_copy_hires_dirty_rows	display_backend	desktop_output_x
sync_copy_hires_dirty_rows	display_backend	desktop_output_y
sync_copy_hires_dirty_rows	display_backend	desktop_width
sync_copy_hires_dirty_rows	display_backend	rfb_dirty_row_valid
sync_copy_hires_dirty_rows	display_backend	rfb_dirty_row_x0
sync_copy_hires_dirty_rows	display_backend	rfb_dirty_row_x1
sync_copy_hires_dirty_rows	display_backend	rfb_dirty_valid
sync_copy_hires_dirty_rows	display_backend	rfb_dirty_y0
sync_copy_hires_dirty_rows	display_backend	rfb_dirty_y1
sync_copy_hires_region	display_backend	desktop_height
sync_copy_hires_region	display_backend	desktop_output_x
sync_copy_hires_region	display_backend	desktop_output_y
sync_copy_hires_region	display_backend	desktop_width
system_menu_render_bitmap	ui	system_menu_countdown_action
system_menu_render_bitmap	ui	system_menu_countdown_seconds
system_menu_render_bitmap	ui	system_menu_selection
system_menu_render_bitmap	ui	system_refresh_state
update_hires_background_region	display_backend	desktop_height
update_hires_background_region	display_backend	desktop_output_x
update_hires_background_region	display_backend	desktop_output_y
update_hires_background_region	display_backend	desktop_width
update_hires_background_region	display_backend	hires_bg_buffer
update_hires_background_region	display_backend	hires_bg_configured
update_hires_background_region	display_backend	profile_dirty_updates
update_hires_background_region	display_backend	profile_dirty_wait_ticks
update_hires_background_region	display_backend	profile_dirty_work_start_tick
update_hires_background_region	display_backend	profile_dirty_work_ticks
wake_renderer_with_pointer_jiggle	other	desktop_width
