utc	carrier	address_present	listen5900
2026-09-02T22:45:03.617884270Z	0	0	1
2026-09-02T22:45:03.838475852Z	0	0	1
2026-09-02T22:45:04.059171042Z	0	0	1
2026-09-02T22:45:04.279723845Z	0	0	1
2026-09-02T22:45:04.500227000Z	0	0	1
2026-09-02T22:45:04.720694933Z	0	0	1
2026-09-02T22:45:04.941168384Z	0	0	1
2026-09-02T22:45:05.161684730Z	0	0	1
2026-09-02T22:45:05.382259423Z	0	0	1
2026-09-02T22:45:05.602692818Z	0	0	1
2026-09-02T22:45:05.823344918Z	0	0	1
2026-09-02T22:45:06.044041461Z	0	0	1
2026-09-02T22:45:06.264507708Z	0	0	1
2026-09-02T22:45:06.484944437Z	0	0	1
2026-09-02T22:45:06.705374925Z	0	0	1
2026-09-02T22:45:06.925844876Z	0	0	1
2026-09-02T22:45:07.146238426Z	0	0	1
2026-09-02T22:45:07.366590099Z	0	0	1
2026-09-02T22:45:07.587076976Z	0	0	1
2026-09-02T22:45:07.807775411Z	0	0	1
2026-09-02T22:45:08.028395084Z	0	0	1
2026-09-02T22:45:08.248844331Z	0	0	1
2026-09-02T22:45:08.488601708Z	0	0	1
2026-09-02T22:45:08.728132193Z	0	0	1
2026-09-02T22:45:08.974411410Z	0	0	1
2026-09-02T22:45:09.222560879Z	0	0	1
2026-09-02T22:45:09.462124142Z	0	0	1
2026-09-02T22:45:09.710206535Z	0	0	1
2026-09-02T22:45:09.960050865Z	0	0	1
2026-09-02T22:45:10.209093099Z	0	0	1
2026-09-02T22:45:10.459213836Z	0	0	1
2026-09-02T22:45:10.708147214Z	0	0	1
2026-09-02T22:45:10.959187439Z	0	0	1
2026-09-02T22:45:11.207876039Z	0	0	1
2026-09-02T22:45:11.458117997Z	0	0	1
2026-09-02T22:45:11.707264188Z	0	0	1
2026-09-02T22:45:11.933228342Z	1	1	1
2026-09-02T22:45:12.159968063Z	1	1	1
2026-09-02T22:45:12.380633387Z	1	1	1
2026-09-02T22:45:12.602158883Z	1	1	1
2026-09-02T22:45:12.822880392Z	1	1	1
2026-09-02T22:45:13.043450565Z	1	1	1
2026-09-02T22:45:13.263816905Z	1	1	1
2026-09-02T22:45:13.484222191Z	1	1	1
2026-09-02T22:45:13.704598273Z	1	1	1
2026-09-02T22:45:13.924958003Z	1	1	1
2026-09-02T22:45:14.145246731Z	1	1	1
2026-09-02T22:45:14.365581794Z	1	1	1
2026-09-02T22:45:14.585811468Z	1	1	1
2026-09-02T22:45:14.806001864Z	1	1	1
2026-09-02T22:45:15.026272073Z	1	1	1
2026-09-02T22:45:15.246779212Z	1	1	1
2026-09-02T22:45:15.467115702Z	1	1	1
2026-09-02T22:45:15.687535988Z	1	1	1
2026-09-02T22:45:15.908003979Z	1	1	1
2026-09-02T22:45:16.128423555Z	1	1	1
2026-09-02T22:45:16.348746341Z	1	1	1
2026-09-02T22:45:16.568958979Z	1	1	1
2026-09-02T22:45:16.808388731Z	1	1	1
2026-09-02T22:45:17.058087968Z	1	1	1
2026-09-02T22:45:17.306859609Z	1	1	1
2026-09-02T22:45:17.555448952Z	1	1	1
2026-09-02T22:45:17.805165802Z	1	1	1
2026-09-02T22:45:18.055305447Z	1	1	1
2026-09-02T22:45:18.305033609Z	1	1	1
2026-09-02T22:45:18.553847434Z	1	1	1
2026-09-02T22:45:18.800097446Z	1	1	1
2026-09-02T22:45:19.048312134Z	1	1	1
2026-09-02T22:45:19.297169308Z	1	1	1
2026-09-02T22:45:19.546146446Z	1	1	1
2026-09-02T22:45:19.796015145Z	1	1	1
2026-09-02T22:45:20.043713977Z	1	1	1
2026-09-02T22:45:20.282483240Z	1	1	1
2026-09-02T22:45:20.530641890Z	1	1	1
2026-09-02T22:45:20.780699699Z	1	1	1
2026-09-02T22:45:21.031091731Z	1	1	1
2026-09-02T22:45:21.280206626Z	1	1	1
2026-09-02T22:45:21.528790832Z	1	1	1
2026-09-02T22:45:21.768586434Z	1	1	1
2026-09-02T22:45:22.012858634Z	1	1	1
2026-09-02T22:45:22.261262023Z	1	1	1
2026-09-02T22:45:22.509291818Z	1	1	1
2026-09-02T22:45:22.759436679Z	1	1	1
2026-09-02T22:45:23.006165819Z	1	1	1
2026-09-02T22:45:23.244994839Z	1	1	1
2026-09-02T22:45:23.492774094Z	1	1	1
2026-09-02T22:45:23.732628805Z	1	1	1
2026-09-02T22:45:23.982084772Z	1	1	1
2026-09-02T22:45:24.231858686Z	1	1	1
2026-09-02T22:45:24.481542561Z	1	1	1
2026-09-02T22:45:24.732033439Z	1	1	1
2026-09-02T22:45:24.973308750Z	1	1	1
2026-09-02T22:45:25.212514626Z	1	1	1
2026-09-02T22:45:25.460984733Z	1	1	1
2026-09-02T22:45:25.711281034Z	1	1	1
2026-09-02T22:45:25.957076627Z	1	1	1
2026-09-02T22:45:26.205010790Z	1	1	1
2026-09-02T22:45:26.449129984Z	1	1	1
2026-09-02T22:45:26.698725132Z	1	1	1
2026-09-02T22:45:26.949107340Z	1	1	1
2026-09-02T22:45:27.172075466Z	1	1	1
2026-09-02T22:45:27.392482779Z	1	1	1
2026-09-02T22:45:27.612872221Z	1	1	1
2026-09-02T22:45:27.833246848Z	1	1	1
2026-09-02T22:45:28.053693880Z	1	1	1
2026-09-02T22:45:28.274086915Z	1	1	1
2026-09-02T22:45:28.494467118Z	1	1	1
2026-09-02T22:45:28.714755412Z	1	1	1
2026-09-02T22:45:28.935400004Z	1	1	1
2026-09-02T22:45:29.155841028Z	1	1	1
2026-09-02T22:45:29.376359194Z	1	1	1
2026-09-02T22:45:29.596613804Z	1	1	1
2026-09-02T22:45:29.817094063Z	1	1	1
2026-09-02T22:45:30.037309338Z	1	1	1
2026-09-02T22:45:30.257586189Z	1	1	1
2026-09-02T22:45:30.477897281Z	1	1	1
2026-09-02T22:45:30.698221078Z	1	1	1
2026-09-02T22:45:30.918545170Z	1	1	1
2026-09-02T22:45:31.138840197Z	1	1	1
2026-09-02T22:45:31.359381366Z	1	1	1
2026-09-02T22:45:31.579817090Z	1	1	1
2026-09-02T22:45:31.800351054Z	1	1	1
2026-09-02T22:45:32.020737129Z	1	1	1
2026-09-02T22:45:32.267790331Z	1	1	1
2026-09-02T22:45:32.517871010Z	1	1	1
2026-09-02T22:45:32.765467288Z	1	1	1
2026-09-02T22:45:33.014322924Z	1	1	1
2026-09-02T22:45:33.263978785Z	1	1	1
2026-09-02T22:45:33.512528511Z	1	1	1
2026-09-02T22:45:33.752118251Z	1	1	1
2026-09-02T22:45:34.001497593Z	1	1	1
2026-09-02T22:45:34.249727335Z	1	1	1
2026-09-02T22:45:34.498610173Z	1	1	1
2026-09-02T22:45:34.748142588Z	1	1	1
2026-09-02T22:45:34.998124745Z	1	1	1
2026-09-02T22:45:35.244595498Z	1	1	1
2026-09-02T22:45:35.493226481Z	1	1	1
2026-09-02T22:45:35.737429556Z	1	1	1
2026-09-02T22:45:35.986545264Z	1	1	1
2026-09-02T22:45:36.236336087Z	1	1	1
2026-09-02T22:45:36.482572837Z	1	1	1
2026-09-02T22:45:36.721058682Z	1	1	1
2026-09-02T22:45:36.970150000Z	1	1	1
2026-09-02T22:45:37.220244601Z	1	1	1
2026-09-02T22:45:37.470130014Z	1	1	1
2026-09-02T22:45:37.718736144Z	1	1	1
2026-09-02T22:45:37.958248123Z	1	1	1
2026-09-02T22:45:38.196679286Z	1	1	1
2026-09-02T22:45:38.439488927Z	1	1	1
2026-09-02T22:45:38.687188292Z	1	1	1
2026-09-02T22:45:38.936937592Z	1	1	1
2026-09-02T22:45:39.186771029Z	1	1	1
2026-09-02T22:45:39.436826070Z	1	1	1
2026-09-02T22:45:39.686576128Z	1	1	1
2026-09-02T22:45:39.936517187Z	1	1	1
2026-09-02T22:45:40.186501032Z	1	1	1
2026-09-02T22:45:40.436724776Z	1	1	1
2026-09-02T22:45:40.685277995Z	1	1	1
2026-09-02T22:45:40.926403980Z	1	1	1
2026-09-02T22:45:41.174461535Z	1	1	1
2026-09-02T22:45:41.422857271Z	1	1	1
2026-09-02T22:45:41.671560249Z	1	1	1
2026-09-02T22:45:41.921718381Z	1	1	1
2026-09-02T22:45:42.171379542Z	1	1	1
2026-09-02T22:45:42.419634684Z	1	1	1
2026-09-02T22:45:42.667966660Z	1	1	1
2026-09-02T22:45:42.917897253Z	1	1	1
2026-09-02T22:45:43.166526902Z	1	1	1
2026-09-02T22:45:43.414836062Z	1	1	1
2026-09-02T22:45:43.663422056Z	1	1	1
2026-09-02T22:45:43.913204518Z	1	1	1
2026-09-02T22:45:44.161005260Z	1	1	1
2026-09-02T22:45:44.410265663Z	1	1	1
2026-09-02T22:45:44.659966383Z	1	1	1
2026-09-02T22:45:44.910029622Z	1	1	1
2026-09-02T22:45:45.159733743Z	1	1	1
2026-09-02T22:45:45.409440758Z	1	1	1
2026-09-02T22:45:45.658932162Z	1	1	1
2026-09-02T22:45:45.904744644Z	1	1	1
2026-09-02T22:45:46.152938557Z	1	1	1
2026-09-02T22:45:46.401492641Z	1	1	1
2026-09-02T22:45:46.649894003Z	1	1	1
2026-09-02T22:45:46.899662165Z	1	1	1
2026-09-02T22:45:47.148494026Z	1	1	1
2026-09-02T22:45:47.387743521Z	1	1	1
2026-09-02T22:45:47.636231048Z	1	1	1
2026-09-02T22:45:47.885379912Z	1	1	1
