consumer	provider	symbol
ps2vnc_calibration_tail.o	ps2vnc_framebuffer.o	ps2vnc_display_direct_write_cancel
ps2vnc_calibration_tail.o	ps2vnc_framebuffer.o	receive_framebuffer_update
ps2vnc_calibration_tail.o	ps2vnc_framebuffer.o	request_framebuffer
ps2vnc_calibration_tail.o	ps2vnc_framebuffer_tail.o	ps2vnc_display_publish_full_desktop
ps2vnc_calibration_tail.o	ps2vnc_framebuffer_tail.o	publish_hires_background
ps2vnc_calibration_tail.o	ps2vnc_runtime.o	active_display_backend
ps2vnc_calibration_tail.o	ps2vnc_runtime.o	active_video_mode
ps2vnc_calibration_tail.o	ps2vnc_runtime.o	controller_pad_pause_ack
ps2vnc_calibration_tail.o	ps2vnc_runtime.o	controller_pad_pause_requested
ps2vnc_calibration_tail.o	ps2vnc_runtime.o	controller_thread_error
ps2vnc_calibration_tail.o	ps2vnc_runtime.o	debug_stage_id
ps2vnc_calibration_tail.o	ps2vnc_runtime.o	desktop_geometry_locked
ps2vnc_calibration_tail.o	ps2vnc_runtime.o	desktop_height
ps2vnc_calibration_tail.o	ps2vnc_runtime.o	desktop_output_height
ps2vnc_calibration_tail.o	ps2vnc_runtime.o	desktop_output_width
ps2vnc_calibration_tail.o	ps2vnc_runtime.o	desktop_output_x
ps2vnc_calibration_tail.o	ps2vnc_runtime.o	desktop_output_y
ps2vnc_calibration_tail.o	ps2vnc_runtime.o	desktop_width
ps2vnc_calibration_tail.o	ps2vnc_runtime.o	exit_requested
ps2vnc_calibration_tail.o	ps2vnc_runtime.o	flush_rfb_outgoing
ps2vnc_calibration_tail.o	ps2vnc_runtime.o	hires_bg_back_buffer
ps2vnc_calibration_tail.o	ps2vnc_runtime.o	hires_bg_buffer
ps2vnc_calibration_tail.o	ps2vnc_runtime.o	hires_bg_configured
ps2vnc_calibration_tail.o	ps2vnc_runtime.o	hires_mapped_source_framebuffer
ps2vnc_calibration_tail.o	ps2vnc_runtime.o	live_direct_present_buffer
ps2vnc_calibration_tail.o	ps2vnc_runtime.o	live_direct_present_safe
ps2vnc_calibration_tail.o	ps2vnc_runtime.o	live_linear_framebuffer_stale
ps2vnc_calibration_tail.o	ps2vnc_runtime.o	osk_pixels
ps2vnc_calibration_tail.o	ps2vnc_runtime.o	ps2vnc_display_output_x
ps2vnc_calibration_tail.o	ps2vnc_runtime.o	ps2vnc_display_output_y
ps2vnc_calibration_tail.o	ps2vnc_runtime.o	ps2vnc_hires_effective_width
ps2vnc_calibration_tail.o	ps2vnc_runtime.o	ps2vnc_hires_requires_raster_mapping
ps2vnc_calibration_tail.o	ps2vnc_runtime.o	ps2vnc_hires_storage_bytes
ps2vnc_calibration_tail.o	ps2vnc_runtime.o	ps2vnc_hires_storage_height
ps2vnc_calibration_tail.o	ps2vnc_runtime.o	ps2vnc_hires_storage_width
ps2vnc_calibration_tail.o	ps2vnc_runtime.o	ps2vnc_video_mode_default_backend
ps2vnc_calibration_tail.o	ps2vnc_runtime.o	ps2vnc_video_mode_supports_backend
ps2vnc_calibration_tail.o	ps2vnc_runtime.o	region_fits_u32
ps2vnc_calibration_tail.o	ps2vnc_runtime.o	rfb_queue_sema
ps2vnc_calibration_tail.o	ps2vnc_runtime.o	screenf
ps2vnc_calibration_tail.o	ps2vnc_runtime_tail.o	osk_find_glyph
ps2vnc_calibration_tail.o	ps2vnc_runtime_tail.o	request_and_confirm_desktop_size
ps2vnc_calibration_tail.o	ps2vnc_runtime_tail.o	set_live_encoding
ps2vnc_calibration_tail.o	ps2vnc_runtime_tail.o	set_raw_encoding
ps2vnc_calibration_tail.o	ps2vnc_runtime_tail.o	set_raw_extended_desktop_encoding
ps2vnc_calibration_tail.o	ps2vnc_services.o	debug_emit_geometry_snapshot
ps2vnc_calibration_tail.o	ps2vnc_services.o	ps2vnc_display_config_loaded
ps2vnc_calibration_tail.o	ps2vnc_services.o	ps2vnc_display_save_to_pi
ps2vnc_calibration_tail.o	ps2vnc_services.o	screen_fit_apply_preset
ps2vnc_calibration_tail.o	ps2vnc_services.o	screen_fit_clamp_interactive
ps2vnc_calibration_tail.o	ps2vnc_services.o	screen_fit_full_bypass
ps2vnc_calibration_tail.o	ps2vnc_services.o	screen_fit_geometry_valid
ps2vnc_calibration_tail.o	ps2vnc_services.o	screen_fit_height
ps2vnc_calibration_tail.o	ps2vnc_services.o	screen_fit_offset_x
ps2vnc_calibration_tail.o	ps2vnc_services.o	screen_fit_offset_y
ps2vnc_calibration_tail.o	ps2vnc_services.o	screen_fit_prim_sprite
ps2vnc_calibration_tail.o	ps2vnc_services.o	screen_fit_width
ps2vnc_display.o	ps2ip.o	startup_authoritative_display_profile
ps2vnc_display.o	ps2ip.o	startup_authoritative_display_profile_loaded
ps2vnc_display.o	ps2ip.o	startup_display_commit_finish_required
ps2vnc_display.o	ps2ip.o	startup_display_restore_ack_required
ps2vnc_display.o	ps2ip.o	startup_display_restored_mark_required
ps2vnc_display.o	ps2ip.o	startup_display_transaction
ps2vnc_display.o	ps2ip.o	startup_display_transaction_loaded
ps2vnc_display.o	ps2vnc_calibration_tail.o	ps2vnc_controller_pad_acquire
ps2vnc_display.o	ps2vnc_calibration_tail.o	ps2vnc_controller_pad_release
ps2vnc_display.o	ps2vnc_calibration_tail.o	ps2vnc_display_create
ps2vnc_display.o	ps2vnc_calibration_tail.o	ps2vnc_display_destroy
ps2vnc_display.o	ps2vnc_calibration_tail.o	ps2vnc_display_draw_desktop
ps2vnc_display.o	ps2vnc_calibration_tail.o	ps2vnc_display_finish_draw
ps2vnc_display.o	ps2vnc_calibration_tail.o	ps2vnc_display_flip
ps2vnc_display.o	ps2vnc_calibration_tail.o	ps2vnc_display_prepare_desktop
ps2vnc_display.o	ps2vnc_calibration_tail.o	ps2vnc_display_prepare_osk
ps2vnc_display.o	ps2vnc_framebuffer.o	ps2vnc_display_direct_write_cancel
ps2vnc_display.o	ps2vnc_framebuffer.o	receive_framebuffer_update
ps2vnc_display.o	ps2vnc_framebuffer.o	request_framebuffer
ps2vnc_display.o	ps2vnc_management_tail.o	ps2vnc_display_profile_capture_active
ps2vnc_display.o	ps2vnc_management_tail.o	ps2vnc_display_transaction_ack_to_pi
ps2vnc_display.o	ps2vnc_management_tail.o	ps2vnc_display_transaction_commit_to_pi
ps2vnc_display.o	ps2vnc_management_tail.o	ps2vnc_display_transaction_restore_to_pi
ps2vnc_display.o	ps2vnc_management_tail.o	ps2vnc_display_transaction_restored_to_pi
ps2vnc_display.o	ps2vnc_management_tail.o	ps2vnc_display_tx_profiles_equal
ps2vnc_display.o	ps2vnc_management_tail.o	ps2vnc_management_get_bounded_quiet
ps2vnc_display.o	ps2vnc_management_tail.o	ps2vnc_management_post_text
ps2vnc_display.o	ps2vnc_runtime.o	active_display_backend
ps2vnc_display.o	ps2vnc_runtime.o	active_video_mode
ps2vnc_display.o	ps2vnc_runtime.o	controller_pad_pause_requested
ps2vnc_display.o	ps2vnc_runtime.o	debug_transition_phase
ps2vnc_display.o	ps2vnc_runtime.o	desktop_geometry_locked
ps2vnc_display.o	ps2vnc_runtime.o	desktop_height
ps2vnc_display.o	ps2vnc_runtime.o	desktop_output_height
ps2vnc_display.o	ps2vnc_runtime.o	desktop_output_width
ps2vnc_display.o	ps2vnc_runtime.o	desktop_output_x
ps2vnc_display.o	ps2vnc_runtime.o	desktop_output_y
ps2vnc_display.o	ps2vnc_runtime.o	desktop_width
ps2vnc_display.o	ps2vnc_runtime.o	display_calibration_request
ps2vnc_display.o	ps2vnc_runtime.o	display_confirm_action
ps2vnc_display.o	ps2vnc_runtime.o	display_confirm_pending
ps2vnc_display.o	ps2vnc_runtime.o	display_confirm_previous_backend
ps2vnc_display.o	ps2vnc_runtime.o	display_confirm_previous_desktop_h
ps2vnc_display.o	ps2vnc_runtime.o	display_confirm_previous_desktop_w
ps2vnc_display.o	ps2vnc_runtime.o	display_confirm_previous_h
ps2vnc_display.o	ps2vnc_runtime.o	display_confirm_previous_mode
ps2vnc_display.o	ps2vnc_runtime.o	display_confirm_previous_screen_fit_full_bypass
ps2vnc_display.o	ps2vnc_runtime.o	display_confirm_previous_screen_fit_height
ps2vnc_display.o	ps2vnc_runtime.o	display_confirm_previous_screen_fit_offset_x
ps2vnc_display.o	ps2vnc_runtime.o	display_confirm_previous_screen_fit_offset_y
ps2vnc_display.o	ps2vnc_runtime.o	display_confirm_previous_screen_fit_width
ps2vnc_display.o	ps2vnc_runtime.o	display_confirm_previous_w
ps2vnc_display.o	ps2vnc_runtime.o	display_confirm_previous_x
ps2vnc_display.o	ps2vnc_runtime.o	display_confirm_previous_y
ps2vnc_display.o	ps2vnc_runtime.o	display_confirm_visible
ps2vnc_display.o	ps2vnc_runtime.o	display_menu_selection_for_mode
ps2vnc_display.o	ps2vnc_runtime.o	display_menu_visible
ps2vnc_display.o	ps2vnc_runtime.o	display_mode_request
ps2vnc_display.o	ps2vnc_runtime.o	display_mode_request_for_selection
ps2vnc_display.o	ps2vnc_runtime.o	display_mode_request_remote
ps2vnc_display.o	ps2vnc_runtime.o	display_restore_ack_mode
ps2vnc_display.o	ps2vnc_runtime.o	display_restore_ack_request
ps2vnc_display.o	ps2vnc_runtime.o	display_restore_ack_visible
ps2vnc_display.o	ps2vnc_runtime.o	display_switch_failure_stage
ps2vnc_display.o	ps2vnc_runtime.o	display_transition_switch_in_progress
ps2vnc_display.o	ps2vnc_runtime.o	flush_rfb_outgoing
ps2vnc_display.o	ps2vnc_runtime.o	live_error_code
ps2vnc_display.o	ps2vnc_runtime.o	osk_generation
ps2vnc_display.o	ps2vnc_runtime.o	osk_visible
ps2vnc_display.o	ps2vnc_runtime.o	ps2vnc_discard_controller_rfb_queue
ps2vnc_display.o	ps2vnc_runtime.o	ps2vnc_display_logical_desktop_size
ps2vnc_display.o	ps2vnc_runtime.o	ps2vnc_video_mode_by_name
ps2vnc_display.o	ps2vnc_runtime.o	region_fits_u32
ps2vnc_display.o	ps2vnc_runtime.o	remote_display_baseline_mode
ps2vnc_display.o	ps2vnc_runtime.o	remote_display_error_code
ps2vnc_display.o	ps2vnc_runtime.o	remote_display_last_poll_tick
ps2vnc_display.o	ps2vnc_runtime.o	remote_display_lease_seconds
ps2vnc_display.o	ps2vnc_runtime.o	remote_display_lease_started_tick
ps2vnc_display.o	ps2vnc_runtime.o	remote_display_requested_mode
ps2vnc_display.o	ps2vnc_runtime.o	remote_display_state
ps2vnc_display.o	ps2vnc_runtime.o	remote_display_suppress_next_active_menu_return
ps2vnc_display.o	ps2vnc_runtime.o	remote_display_txid
ps2vnc_display.o	ps2vnc_runtime.o	reset_rfb_transport_state
ps2vnc_display.o	ps2vnc_runtime.o	rfb_connected
ps2vnc_display.o	ps2vnc_runtime.o	rfb_queue_sema
ps2vnc_display.o	ps2vnc_runtime.o	screenf
ps2vnc_display.o	ps2vnc_runtime.o	system_menu_visible
ps2vnc_display.o	ps2vnc_runtime_tail.o	debug_emit_now
ps2vnc_display.o	ps2vnc_runtime_tail.o	display_confirm_disarm_transaction
ps2vnc_display.o	ps2vnc_runtime_tail.o	profile_ticks_us
ps2vnc_display.o	ps2vnc_runtime_tail.o	request_and_confirm_desktop_size
ps2vnc_display.o	ps2vnc_runtime_tail.o	set_live_encoding
ps2vnc_display.o	ps2vnc_runtime_tail.o	set_raw_encoding
ps2vnc_display.o	ps2vnc_runtime_tail.o	set_raw_extended_desktop_encoding
ps2vnc_display.o	ps2vnc_services.o	debug_emit_geometry_snapshot
ps2vnc_display.o	ps2vnc_services.o	draw_recovery_status
ps2vnc_display.o	ps2vnc_services.o	recover_rfb_transport_for_display_rollback
ps2vnc_display.o	ps2vnc_services.o	screen_fit_apply_preset
ps2vnc_display.o	ps2vnc_services.o	screen_fit_full_bypass
ps2vnc_display.o	ps2vnc_services.o	screen_fit_height
ps2vnc_display.o	ps2vnc_services.o	screen_fit_offset_x
ps2vnc_display.o	ps2vnc_services.o	screen_fit_offset_y
ps2vnc_display.o	ps2vnc_services.o	screen_fit_width
ps2vnc_display_tail.o	ps2vnc_calibration_tail.o	calculate_presented_desktop_geometry
ps2vnc_display_tail.o	ps2vnc_calibration_tail.o	ps2vnc_display_create
ps2vnc_display_tail.o	ps2vnc_calibration_tail.o	ps2vnc_display_draw_desktop
ps2vnc_display_tail.o	ps2vnc_calibration_tail.o	ps2vnc_display_finish_draw
ps2vnc_display_tail.o	ps2vnc_calibration_tail.o	ps2vnc_display_flip
ps2vnc_display_tail.o	ps2vnc_calibration_tail.o	ps2vnc_display_prepare_desktop
ps2vnc_display_tail.o	ps2vnc_calibration_tail.o	ps2vnc_display_prepare_osk
ps2vnc_display_tail.o	ps2vnc_calibration_tail.o	ps2vnc_display_wait_presentation_memory_idle
ps2vnc_display_tail.o	ps2vnc_calibration_tail.o	ps2vnc_display_wait_texture_idle
ps2vnc_display_tail.o	ps2vnc_calibration_tail.o	ps2vnc_run_runtime_calibration
ps2vnc_display_tail.o	ps2vnc_calibration_tail.o	run_screen_fit_calibration
ps2vnc_display_tail.o	ps2vnc_display.o	ps2vnc_global_rollback_display_transaction
ps2vnc_display_tail.o	ps2vnc_display.o	ps2vnc_remote_control_poll_idle
ps2vnc_display_tail.o	ps2vnc_display.o	ps2vnc_remote_display_fail
ps2vnc_display_tail.o	ps2vnc_display.o	ps2vnc_remote_display_lease_expired
ps2vnc_display_tail.o	ps2vnc_display.o	ps2vnc_remote_result_post
ps2vnc_display_tail.o	ps2vnc_display.o	ps2vnc_startup_finalize_display_transaction
ps2vnc_display_tail.o	ps2vnc_display.o	ps2vnc_switch_display_mode
ps2vnc_display_tail.o	ps2vnc_framebuffer.o	ps2vnc_display_begin_update
ps2vnc_display_tail.o	ps2vnc_framebuffer.o	ps2vnc_display_direct_write_cancel
ps2vnc_display_tail.o	ps2vnc_framebuffer.o	ps2vnc_display_finish_update_decode
ps2vnc_display_tail.o	ps2vnc_framebuffer.o	receive_framebuffer_update
ps2vnc_display_tail.o	ps2vnc_framebuffer.o	request_framebuffer
ps2vnc_display_tail.o	ps2vnc_framebuffer.o	start_controller_thread
ps2vnc_display_tail.o	ps2vnc_framebuffer_tail.o	ps2vnc_display_commit_update
ps2vnc_display_tail.o	ps2vnc_management_tail.o	ps2vnc_display_policy_hide_to_pi
ps2vnc_display_tail.o	ps2vnc_management_tail.o	ps2vnc_display_policy_lock_to_pi
ps2vnc_display_tail.o	ps2vnc_management_tail.o	ps2vnc_display_policy_refresh_from_pi
ps2vnc_display_tail.o	ps2vnc_management_tail.o	ps2vnc_display_profile_capture_active
ps2vnc_display_tail.o	ps2vnc_management_tail.o	ps2vnc_display_profile_resolve_candidate
ps2vnc_display_tail.o	ps2vnc_management_tail.o	ps2vnc_display_transaction_ack_to_pi
ps2vnc_display_tail.o	ps2vnc_management_tail.o	ps2vnc_display_transaction_begin_to_pi
ps2vnc_display_tail.o	ps2vnc_management_tail.o	ps2vnc_display_transaction_commit_to_pi
ps2vnc_display_tail.o	ps2vnc_runtime.o	active_video_mode
ps2vnc_display_tail.o	ps2vnc_runtime.o	controller_thread_error
ps2vnc_display_tail.o	ps2vnc_runtime.o	debug_changed_bytes
ps2vnc_display_tail.o	ps2vnc_runtime.o	debug_frame_counter
ps2vnc_display_tail.o	ps2vnc_runtime.o	debug_stage_id
ps2vnc_display_tail.o	ps2vnc_runtime.o	debug_udp_init
ps2vnc_display_tail.o	ps2vnc_runtime.o	desktop_geometry_locked
ps2vnc_display_tail.o	ps2vnc_runtime.o	desktop_height
ps2vnc_display_tail.o	ps2vnc_runtime.o	desktop_output_height
ps2vnc_display_tail.o	ps2vnc_runtime.o	desktop_output_width
ps2vnc_display_tail.o	ps2vnc_runtime.o	desktop_output_x
ps2vnc_display_tail.o	ps2vnc_runtime.o	desktop_output_y
ps2vnc_display_tail.o	ps2vnc_runtime.o	desktop_width
ps2vnc_display_tail.o	ps2vnc_runtime.o	display_calibration_request
ps2vnc_display_tail.o	ps2vnc_runtime.o	display_confirm_action
ps2vnc_display_tail.o	ps2vnc_runtime.o	display_confirm_pending
ps2vnc_display_tail.o	ps2vnc_runtime.o	display_confirm_seconds
ps2vnc_display_tail.o	ps2vnc_runtime.o	display_confirm_selection
ps2vnc_display_tail.o	ps2vnc_runtime.o	display_confirm_visible
ps2vnc_display_tail.o	ps2vnc_runtime.o	display_hide_locked_modes
ps2vnc_display_tail.o	ps2vnc_runtime.o	display_menu_error
ps2vnc_display_tail.o	ps2vnc_runtime.o	display_menu_parent_system
ps2vnc_display_tail.o	ps2vnc_runtime.o	display_menu_selection
ps2vnc_display_tail.o	ps2vnc_runtime.o	display_menu_selection_for_mode
ps2vnc_display_tail.o	ps2vnc_runtime.o	display_menu_tab
ps2vnc_display_tail.o	ps2vnc_runtime.o	display_menu_visible
ps2vnc_display_tail.o	ps2vnc_runtime.o	display_mode_locked
ps2vnc_display_tail.o	ps2vnc_runtime.o	display_mode_request
ps2vnc_display_tail.o	ps2vnc_runtime.o	display_mode_request_remote
ps2vnc_display_tail.o	ps2vnc_runtime.o	display_mode_request_target
ps2vnc_display_tail.o	ps2vnc_runtime.o	display_policy_error
ps2vnc_display_tail.o	ps2vnc_runtime.o	display_policy_loaded
ps2vnc_display_tail.o	ps2vnc_runtime.o	display_policy_request
ps2vnc_display_tail.o	ps2vnc_runtime.o	display_policy_request_selection
ps2vnc_display_tail.o	ps2vnc_runtime.o	display_policy_request_value
ps2vnc_display_tail.o	ps2vnc_runtime.o	display_restore_ack_mode
ps2vnc_display_tail.o	ps2vnc_runtime.o	display_restore_ack_request
ps2vnc_display_tail.o	ps2vnc_runtime.o	display_restore_ack_visible
ps2vnc_display_tail.o	ps2vnc_runtime.o	display_switch_failure_stage
ps2vnc_display_tail.o	ps2vnc_runtime.o	display_transition_switch_in_progress
ps2vnc_display_tail.o	ps2vnc_runtime.o	exit_requested
ps2vnc_display_tail.o	ps2vnc_runtime.o	force_screen_fit_calibration
ps2vnc_display_tail.o	ps2vnc_runtime.o	live_encoding
ps2vnc_display_tail.o	ps2vnc_runtime.o	live_error_code
ps2vnc_display_tail.o	ps2vnc_runtime.o	live_hdr_raw
ps2vnc_display_tail.o	ps2vnc_runtime.o	live_hdr_recv_n
ps2vnc_display_tail.o	ps2vnc_runtime.o	live_hdr_start_avail
ps2vnc_display_tail.o	ps2vnc_runtime.o	live_message_type
ps2vnc_display_tail.o	ps2vnc_runtime.o	live_rect_count
ps2vnc_display_tail.o	ps2vnc_runtime.o	live_rect_h
ps2vnc_display_tail.o	ps2vnc_runtime.o	live_rect_index
ps2vnc_display_tail.o	ps2vnc_runtime.o	live_rect_w
ps2vnc_display_tail.o	ps2vnc_runtime.o	live_rect_x
ps2vnc_display_tail.o	ps2vnc_runtime.o	live_rect_y
ps2vnc_display_tail.o	ps2vnc_runtime.o	live_update_raw
ps2vnc_display_tail.o	ps2vnc_runtime.o	osk_generation
ps2vnc_display_tail.o	ps2vnc_runtime.o	osk_visible
ps2vnc_display_tail.o	ps2vnc_runtime.o	pad_area
ps2vnc_display_tail.o	ps2vnc_runtime.o	profile_changed_bytes
ps2vnc_display_tail.o	ps2vnc_runtime.o	profile_dirty_wait_ticks
ps2vnc_display_tail.o	ps2vnc_runtime.o	profile_flip_ticks
ps2vnc_display_tail.o	ps2vnc_runtime.o	profile_present_sync_ticks
ps2vnc_display_tail.o	ps2vnc_runtime.o	profile_rfb_start_tick
ps2vnc_display_tail.o	ps2vnc_runtime.o	profile_rfb_ticks
ps2vnc_display_tail.o	ps2vnc_runtime.o	profile_rfb_updates
ps2vnc_display_tail.o	ps2vnc_runtime.o	ps2vnc_display_logical_desktop_size
ps2vnc_display_tail.o	ps2vnc_runtime.o	ps2vnc_display_output_x
ps2vnc_display_tail.o	ps2vnc_runtime.o	ps2vnc_display_output_y
ps2vnc_display_tail.o	ps2vnc_runtime.o	region_fits_u32
ps2vnc_display_tail.o	ps2vnc_runtime.o	remote_display_error_code
ps2vnc_display_tail.o	ps2vnc_runtime.o	remote_display_lease_seconds
ps2vnc_display_tail.o	ps2vnc_runtime.o	remote_display_lease_started_tick
ps2vnc_display_tail.o	ps2vnc_runtime.o	remote_display_state
ps2vnc_display_tail.o	ps2vnc_runtime.o	remote_display_txid
ps2vnc_display_tail.o	ps2vnc_runtime.o	rfb_confirm_live_yield_enabled
ps2vnc_display_tail.o	ps2vnc_runtime.o	rfb_confirm_wait_generation
ps2vnc_display_tail.o	ps2vnc_runtime.o	rfb_connected
ps2vnc_display_tail.o	ps2vnc_runtime.o	rfb_last_recv_call
ps2vnc_display_tail.o	ps2vnc_runtime.o	rfb_last_recv_n
ps2vnc_display_tail.o	ps2vnc_runtime.o	rfb_rx_end
ps2vnc_display_tail.o	ps2vnc_runtime.o	rfb_rx_pos
ps2vnc_display_tail.o	ps2vnc_runtime.o	rfb_rx_syscalls
ps2vnc_display_tail.o	ps2vnc_runtime.o	runtime_action_request
ps2vnc_display_tail.o	ps2vnc_runtime.o	screen_row
ps2vnc_display_tail.o	ps2vnc_runtime.o	screenf
ps2vnc_display_tail.o	ps2vnc_runtime.o	system_menu_visible
ps2vnc_display_tail.o	ps2vnc_runtime.o	video_modes
ps2vnc_display_tail.o	ps2vnc_runtime_tail.o	debug_emit_now
ps2vnc_display_tail.o	ps2vnc_runtime_tail.o	display_confirm_arm_transaction
ps2vnc_display_tail.o	ps2vnc_runtime_tail.o	display_confirm_disarm_transaction
ps2vnc_display_tail.o	ps2vnc_runtime_tail.o	display_confirm_remaining_seconds
ps2vnc_display_tail.o	ps2vnc_runtime_tail.o	display_confirm_return_to_active_menu
ps2vnc_display_tail.o	ps2vnc_runtime_tail.o	ethWaitValidNetIFLinkState
ps2vnc_display_tail.o	ps2vnc_runtime_tail.o	osk_render_bitmap
ps2vnc_display_tail.o	ps2vnc_runtime_tail.o	profile_emit_now
ps2vnc_display_tail.o	ps2vnc_runtime_tail.o	request_and_confirm_desktop_size
ps2vnc_display_tail.o	ps2vnc_runtime_tail.o	set_live_encoding
ps2vnc_display_tail.o	ps2vnc_runtime_tail.o	set_raw_encoding
ps2vnc_display_tail.o	ps2vnc_runtime_tail.o	startup_force_calibration_requested
ps2vnc_display_tail.o	ps2vnc_runtime_tail.o	wait_pad_ready_after_mode_change
ps2vnc_display_tail.o	ps2vnc_services.o	debug_emit_geometry_snapshot
ps2vnc_display_tail.o	ps2vnc_services.o	perform_manual_rfb_recovery
ps2vnc_display_tail.o	ps2vnc_services.o	ps2vnc_config_apply_display
ps2vnc_display_tail.o	ps2vnc_services.o	ps2vnc_config_get_display_for_mode
ps2vnc_display_tail.o	ps2vnc_services.o	ps2vnc_config_load_from_pi
ps2vnc_display_tail.o	ps2vnc_services.o	ps2vnc_config_presented_geometry_for_mode
ps2vnc_display_tail.o	ps2vnc_services.o	ps2vnc_display_config_loaded
ps2vnc_display_tail.o	ps2vnc_services.o	ps2vnc_display_transaction_startup_preflight
ps2vnc_display_tail.o	ps2vnc_services.o	ps2vnc_startup_apply_authoritative_profile
ps2vnc_display_tail.o	ps2vnc_services.o	ps2vnc_startup_connect_reconciled
ps2vnc_display_tail.o	ps2vnc_services.o	ps2vnc_startup_prepare_display_transaction
ps2vnc_display_tail.o	ps2vnc_services.o	recover_rfb_connection
ps2vnc_display_tail.o	ps2vnc_services.o	screen_fit_full_bypass
ps2vnc_display_tail.o	ps2vnc_services.o	screen_fit_height
ps2vnc_display_tail.o	ps2vnc_services.o	screen_fit_offset_x
ps2vnc_display_tail.o	ps2vnc_services.o	screen_fit_offset_y
ps2vnc_display_tail.o	ps2vnc_services.o	screen_fit_width
ps2vnc_display_tail.o	ps2vnc_ui_display.o	display_confirm_render_bitmap
ps2vnc_display_tail.o	ps2vnc_ui_display.o	display_menu_normalize_selection
ps2vnc_display_tail.o	ps2vnc_ui_display.o	display_menu_render_bitmap
ps2vnc_display_tail.o	ps2vnc_ui_display.o	display_menu_tab_for_mode
ps2vnc_display_tail.o	ps2vnc_ui_display.o	display_restore_ack_render_bitmap
ps2vnc_display_tail.o	ps2vnc_ui_display.o	system_menu_render_bitmap
ps2vnc_framebuffer.o	ps2vnc_runtime.o	active_display_backend
ps2vnc_framebuffer.o	ps2vnc_runtime.o	active_video_mode
ps2vnc_framebuffer.o	ps2vnc_runtime.o	controller_sock
ps2vnc_framebuffer.o	ps2vnc_runtime.o	controller_stack
ps2vnc_framebuffer.o	ps2vnc_runtime.o	controller_thread_error
ps2vnc_framebuffer.o	ps2vnc_runtime.o	controller_thread_id
ps2vnc_framebuffer.o	ps2vnc_runtime.o	desktop_height
ps2vnc_framebuffer.o	ps2vnc_runtime.o	desktop_output_x
ps2vnc_framebuffer.o	ps2vnc_runtime.o	desktop_output_y
ps2vnc_framebuffer.o	ps2vnc_runtime.o	desktop_width
ps2vnc_framebuffer.o	ps2vnc_runtime.o	exit_requested
ps2vnc_framebuffer.o	ps2vnc_runtime.o	flush_rfb_outgoing
ps2vnc_framebuffer.o	ps2vnc_runtime.o	live_direct_present_buffer
ps2vnc_framebuffer.o	ps2vnc_runtime.o	live_direct_present_safe
ps2vnc_framebuffer.o	ps2vnc_runtime.o	live_encoding
ps2vnc_framebuffer.o	ps2vnc_runtime.o	live_error_code
ps2vnc_framebuffer.o	ps2vnc_runtime.o	live_hdr_end_end
ps2vnc_framebuffer.o	ps2vnc_runtime.o	live_hdr_end_pos
ps2vnc_framebuffer.o	ps2vnc_runtime.o	live_hdr_raw
ps2vnc_framebuffer.o	ps2vnc_runtime.o	live_hdr_recv_call
ps2vnc_framebuffer.o	ps2vnc_runtime.o	live_hdr_recv_n
ps2vnc_framebuffer.o	ps2vnc_runtime.o	live_hdr_start_avail
ps2vnc_framebuffer.o	ps2vnc_runtime.o	live_hdr_start_end
ps2vnc_framebuffer.o	ps2vnc_runtime.o	live_hdr_start_pos
ps2vnc_framebuffer.o	ps2vnc_runtime.o	live_linear_framebuffer_stale
ps2vnc_framebuffer.o	ps2vnc_runtime.o	live_message_type
ps2vnc_framebuffer.o	ps2vnc_runtime.o	live_rect_count
ps2vnc_framebuffer.o	ps2vnc_runtime.o	live_rect_h
ps2vnc_framebuffer.o	ps2vnc_runtime.o	live_rect_index
ps2vnc_framebuffer.o	ps2vnc_runtime.o	live_rect_w
ps2vnc_framebuffer.o	ps2vnc_runtime.o	live_rect_x
ps2vnc_framebuffer.o	ps2vnc_runtime.o	live_rect_y
ps2vnc_framebuffer.o	ps2vnc_runtime.o	live_update_end_end
ps2vnc_framebuffer.o	ps2vnc_runtime.o	live_update_end_pos
ps2vnc_framebuffer.o	ps2vnc_runtime.o	live_update_raw
ps2vnc_framebuffer.o	ps2vnc_runtime.o	live_update_recv_call
ps2vnc_framebuffer.o	ps2vnc_runtime.o	live_update_start_end
ps2vnc_framebuffer.o	ps2vnc_runtime.o	live_update_start_pos
ps2vnc_framebuffer.o	ps2vnc_runtime.o	profile_hextile_active
ps2vnc_framebuffer.o	ps2vnc_runtime.o	profile_hextile_rects
ps2vnc_framebuffer.o	ps2vnc_runtime.o	profile_hextile_ticks
ps2vnc_framebuffer.o	ps2vnc_runtime.o	profile_raw_rects
ps2vnc_framebuffer.o	ps2vnc_runtime.o	ps2vnc_hires_requires_raster_mapping
ps2vnc_framebuffer.o	ps2vnc_runtime.o	ps2vnc_hires_requires_vertical_mapping
ps2vnc_framebuffer.o	ps2vnc_runtime.o	read_be16
ps2vnc_framebuffer.o	ps2vnc_runtime.o	read_be32
ps2vnc_framebuffer.o	ps2vnc_runtime.o	recv_exact
ps2vnc_framebuffer.o	ps2vnc_runtime.o	region_fits_u32
ps2vnc_framebuffer.o	ps2vnc_runtime.o	rfb_connected
ps2vnc_framebuffer.o	ps2vnc_runtime.o	rfb_dirty_mark_rect
ps2vnc_framebuffer.o	ps2vnc_runtime.o	rfb_dirty_reset
ps2vnc_framebuffer.o	ps2vnc_runtime.o	rfb_dirty_row_valid
ps2vnc_framebuffer.o	ps2vnc_runtime.o	rfb_dirty_row_x0
ps2vnc_framebuffer.o	ps2vnc_runtime.o	rfb_dirty_row_x1
ps2vnc_framebuffer.o	ps2vnc_runtime.o	rfb_dirty_valid
ps2vnc_framebuffer.o	ps2vnc_runtime.o	rfb_dirty_y0
ps2vnc_framebuffer.o	ps2vnc_runtime.o	rfb_dirty_y1
ps2vnc_framebuffer.o	ps2vnc_runtime.o	rfb_last_recv_call
ps2vnc_framebuffer.o	ps2vnc_runtime.o	rfb_last_recv_n
ps2vnc_framebuffer.o	ps2vnc_runtime.o	rfb_message_boundary_local_yield
ps2vnc_framebuffer.o	ps2vnc_runtime.o	rfb_out_count
ps2vnc_framebuffer.o	ps2vnc_runtime.o	rfb_out_head
ps2vnc_framebuffer.o	ps2vnc_runtime.o	rfb_out_tail
ps2vnc_framebuffer.o	ps2vnc_runtime.o	rfb_queue_sema
ps2vnc_framebuffer.o	ps2vnc_runtime.o	rfb_rx_end
ps2vnc_framebuffer.o	ps2vnc_runtime.o	rfb_rx_pos
ps2vnc_framebuffer.o	ps2vnc_runtime.o	screenf
ps2vnc_framebuffer.o	ps2vnc_runtime.o	send_exact
ps2vnc_framebuffer.o	ps2vnc_runtime_tail.o	rfb_extended_desktop_height
ps2vnc_framebuffer.o	ps2vnc_runtime_tail.o	rfb_extended_desktop_reason
ps2vnc_framebuffer.o	ps2vnc_runtime_tail.o	rfb_extended_desktop_result
ps2vnc_framebuffer.o	ps2vnc_runtime_tail.o	rfb_extended_desktop_screen_count
ps2vnc_framebuffer.o	ps2vnc_runtime_tail.o	rfb_extended_desktop_seen
ps2vnc_framebuffer.o	ps2vnc_runtime_tail.o	rfb_extended_desktop_width
ps2vnc_framebuffer.o	ps2vnc_runtime_tail.o	rfb_first_screen_flags
ps2vnc_framebuffer.o	ps2vnc_runtime_tail.o	rfb_first_screen_height
ps2vnc_framebuffer.o	ps2vnc_runtime_tail.o	rfb_first_screen_id
ps2vnc_framebuffer.o	ps2vnc_runtime_tail.o	rfb_first_screen_width
ps2vnc_framebuffer.o	ps2vnc_runtime_tail.o	rfb_first_screen_x
ps2vnc_framebuffer.o	ps2vnc_runtime_tail.o	rfb_first_screen_y
ps2vnc_framebuffer.o	ps2vnc_runtime_tail.o	rfb_resize_expected
ps2vnc_framebuffer.o	ps2vnc_runtime_tail.o	rfb_resize_expected_height
ps2vnc_framebuffer.o	ps2vnc_runtime_tail.o	rfb_resize_expected_width
ps2vnc_framebuffer.o	ps2vnc_runtime_tail.o	set_raw_extended_desktop_encoding
ps2vnc_framebuffer.o	ps2vnc_ui_tail.o	controller_thread
ps2vnc_framebuffer_tail.o	ps2vnc_calibration_tail.o	ps2vnc_display_wait_presentation_memory_idle
ps2vnc_framebuffer_tail.o	ps2vnc_framebuffer.o	hires_bg_storage_row
ps2vnc_framebuffer_tail.o	ps2vnc_framebuffer.o	ps2vnc_hires_mapped_storage_row
ps2vnc_framebuffer_tail.o	ps2vnc_framebuffer.o	sync_copy_hires_dirty_rows
ps2vnc_framebuffer_tail.o	ps2vnc_runtime.o	active_display_backend
ps2vnc_framebuffer_tail.o	ps2vnc_runtime.o	active_video_mode
ps2vnc_framebuffer_tail.o	ps2vnc_runtime.o	debug_stage_id
ps2vnc_framebuffer_tail.o	ps2vnc_runtime.o	desktop_height
ps2vnc_framebuffer_tail.o	ps2vnc_runtime.o	desktop_output_height
ps2vnc_framebuffer_tail.o	ps2vnc_runtime.o	desktop_output_width
ps2vnc_framebuffer_tail.o	ps2vnc_runtime.o	desktop_output_x
ps2vnc_framebuffer_tail.o	ps2vnc_runtime.o	desktop_output_y
ps2vnc_framebuffer_tail.o	ps2vnc_runtime.o	desktop_width
ps2vnc_framebuffer_tail.o	ps2vnc_runtime.o	hires_bg_back_buffer
ps2vnc_framebuffer_tail.o	ps2vnc_runtime.o	hires_bg_buffer
ps2vnc_framebuffer_tail.o	ps2vnc_runtime.o	hires_bg_configured
ps2vnc_framebuffer_tail.o	ps2vnc_runtime.o	hires_mapped_source_framebuffer
ps2vnc_framebuffer_tail.o	ps2vnc_runtime.o	live_direct_present_buffer
ps2vnc_framebuffer_tail.o	ps2vnc_runtime.o	live_direct_present_safe
ps2vnc_framebuffer_tail.o	ps2vnc_runtime.o	live_error_code
ps2vnc_framebuffer_tail.o	ps2vnc_runtime.o	live_linear_framebuffer_stale
ps2vnc_framebuffer_tail.o	ps2vnc_runtime.o	profile_dirty_updates
ps2vnc_framebuffer_tail.o	ps2vnc_runtime.o	profile_dirty_work_start_tick
ps2vnc_framebuffer_tail.o	ps2vnc_runtime.o	profile_dirty_work_ticks
ps2vnc_framebuffer_tail.o	ps2vnc_runtime.o	ps2vnc_hires_requires_raster_mapping
ps2vnc_framebuffer_tail.o	ps2vnc_runtime.o	ps2vnc_hires_storage_bytes
ps2vnc_framebuffer_tail.o	ps2vnc_runtime.o	ps2vnc_hires_storage_height
ps2vnc_framebuffer_tail.o	ps2vnc_runtime.o	ps2vnc_hires_storage_width
ps2vnc_framebuffer_tail.o	ps2vnc_runtime.o	region_fits_u32
ps2vnc_framebuffer_tail.o	ps2vnc_runtime.o	rfb_dirty_row_valid
ps2vnc_framebuffer_tail.o	ps2vnc_runtime.o	rfb_dirty_row_x0
ps2vnc_framebuffer_tail.o	ps2vnc_runtime.o	rfb_dirty_row_x1
ps2vnc_framebuffer_tail.o	ps2vnc_runtime.o	rfb_dirty_valid
ps2vnc_framebuffer_tail.o	ps2vnc_runtime.o	rfb_dirty_y0
ps2vnc_framebuffer_tail.o	ps2vnc_runtime.o	rfb_dirty_y1
ps2vnc_management_tail.o	ps2vnc_runtime.o	active_display_backend
ps2vnc_management_tail.o	ps2vnc_runtime.o	active_video_mode
ps2vnc_management_tail.o	ps2vnc_runtime.o	desktop_height
ps2vnc_management_tail.o	ps2vnc_runtime.o	desktop_output_height
ps2vnc_management_tail.o	ps2vnc_runtime.o	desktop_output_width
ps2vnc_management_tail.o	ps2vnc_runtime.o	desktop_output_x
ps2vnc_management_tail.o	ps2vnc_runtime.o	desktop_output_y
ps2vnc_management_tail.o	ps2vnc_runtime.o	desktop_width
ps2vnc_management_tail.o	ps2vnc_runtime.o	display_hide_locked_modes
ps2vnc_management_tail.o	ps2vnc_runtime.o	display_menu_mode_at_selection
ps2vnc_management_tail.o	ps2vnc_runtime.o	display_menu_selection_for_mode
ps2vnc_management_tail.o	ps2vnc_runtime.o	display_mode_locked
ps2vnc_management_tail.o	ps2vnc_runtime.o	display_policy_loaded
ps2vnc_management_tail.o	ps2vnc_runtime.o	ps2vnc_video_mode_by_name
ps2vnc_management_tail.o	ps2vnc_runtime.o	ps2vnc_video_mode_default_backend
ps2vnc_management_tail.o	ps2vnc_runtime.o	ps2vnc_video_mode_supports_backend
ps2vnc_management_tail.o	ps2vnc_runtime.o	screenf
ps2vnc_management_tail.o	ps2vnc_runtime.o	send_exact
ps2vnc_management_tail.o	ps2vnc_runtime_tail.o	profile_ticks_us
ps2vnc_management_tail.o	ps2vnc_services.o	ps2vnc_backend_from_transaction_name
ps2vnc_management_tail.o	ps2vnc_services.o	ps2vnc_backend_transaction_name
ps2vnc_management_tail.o	ps2vnc_services.o	ps2vnc_http_find_header_end
ps2vnc_management_tail.o	ps2vnc_services.o	ps2vnc_http_status_is_200
ps2vnc_runtime.o	ps2vnc_display.o	ps2vnc_remote_control_poll_idle
ps2vnc_runtime.o	ps2vnc_display.o	ps2vnc_remote_display_lease_expired
ps2vnc_runtime.o	ps2vnc_runtime_tail.o	debug_emit_idle_poll
ps2vnc_runtime.o	ps2vnc_runtime_tail.o	debug_emit_now
ps2vnc_runtime.o	ps2vnc_runtime_tail.o	ethGetNetIFLinkStatus
ps2vnc_runtime_tail.o	ps2vnc_framebuffer.o	receive_framebuffer_update
ps2vnc_runtime_tail.o	ps2vnc_runtime.o	active_display_backend
ps2vnc_runtime_tail.o	ps2vnc_runtime.o	active_video_mode
ps2vnc_runtime_tail.o	ps2vnc_runtime.o	controller_loop_counter
ps2vnc_runtime_tail.o	ps2vnc_runtime.o	controller_pad_pause_ack
ps2vnc_runtime_tail.o	ps2vnc_runtime.o	controller_pad_pause_requested
ps2vnc_runtime_tail.o	ps2vnc_runtime.o	controller_thread_error
ps2vnc_runtime_tail.o	ps2vnc_runtime.o	debug_changed_bytes
ps2vnc_runtime_tail.o	ps2vnc_runtime.o	debug_frame_counter
ps2vnc_runtime_tail.o	ps2vnc_runtime.o	debug_hotkey_action
ps2vnc_runtime_tail.o	ps2vnc_runtime.o	debug_hotkey_hold_polls
ps2vnc_runtime_tail.o	ps2vnc_runtime.o	debug_hotkey_latched
ps2vnc_runtime_tail.o	ps2vnc_runtime.o	debug_hotkey_mask
ps2vnc_runtime_tail.o	ps2vnc_runtime.o	debug_hotkey_quarantine
ps2vnc_runtime_tail.o	ps2vnc_runtime.o	debug_hotkey_settle_target
ps2vnc_runtime_tail.o	ps2vnc_runtime.o	debug_hotkey_stable_polls
ps2vnc_runtime_tail.o	ps2vnc_runtime.o	debug_hotkey_trigger
ps2vnc_runtime_tail.o	ps2vnc_runtime.o	debug_idle_poll_counter
ps2vnc_runtime_tail.o	ps2vnc_runtime.o	debug_stage_id
ps2vnc_runtime_tail.o	ps2vnc_runtime.o	debug_stage_name
ps2vnc_runtime_tail.o	ps2vnc_runtime.o	debug_transition_phase
ps2vnc_runtime_tail.o	ps2vnc_runtime.o	debug_udp_addr
ps2vnc_runtime_tail.o	ps2vnc_runtime.o	debug_udp_sock
ps2vnc_runtime_tail.o	ps2vnc_runtime.o	desktop_geometry_locked
ps2vnc_runtime_tail.o	ps2vnc_runtime.o	desktop_height
ps2vnc_runtime_tail.o	ps2vnc_runtime.o	desktop_width
ps2vnc_runtime_tail.o	ps2vnc_runtime.o	display_calibration_request
ps2vnc_runtime_tail.o	ps2vnc_runtime.o	display_confirm_action
ps2vnc_runtime_tail.o	ps2vnc_runtime.o	display_confirm_pending
ps2vnc_runtime_tail.o	ps2vnc_runtime.o	display_confirm_previous_backend
ps2vnc_runtime_tail.o	ps2vnc_runtime.o	display_confirm_previous_desktop_h
ps2vnc_runtime_tail.o	ps2vnc_runtime.o	display_confirm_previous_desktop_w
ps2vnc_runtime_tail.o	ps2vnc_runtime.o	display_confirm_previous_h
ps2vnc_runtime_tail.o	ps2vnc_runtime.o	display_confirm_previous_mode
ps2vnc_runtime_tail.o	ps2vnc_runtime.o	display_confirm_previous_screen_fit_full_bypass
ps2vnc_runtime_tail.o	ps2vnc_runtime.o	display_confirm_previous_screen_fit_height
ps2vnc_runtime_tail.o	ps2vnc_runtime.o	display_confirm_previous_screen_fit_offset_x
ps2vnc_runtime_tail.o	ps2vnc_runtime.o	display_confirm_previous_screen_fit_offset_y
ps2vnc_runtime_tail.o	ps2vnc_runtime.o	display_confirm_previous_screen_fit_width
ps2vnc_runtime_tail.o	ps2vnc_runtime.o	display_confirm_previous_w
ps2vnc_runtime_tail.o	ps2vnc_runtime.o	display_confirm_previous_x
ps2vnc_runtime_tail.o	ps2vnc_runtime.o	display_confirm_previous_y
ps2vnc_runtime_tail.o	ps2vnc_runtime.o	display_confirm_seconds
ps2vnc_runtime_tail.o	ps2vnc_runtime.o	display_confirm_selection
ps2vnc_runtime_tail.o	ps2vnc_runtime.o	display_confirm_started_tick
ps2vnc_runtime_tail.o	ps2vnc_runtime.o	display_confirm_visible
ps2vnc_runtime_tail.o	ps2vnc_runtime.o	display_menu_visible
ps2vnc_runtime_tail.o	ps2vnc_runtime.o	display_mode_request
ps2vnc_runtime_tail.o	ps2vnc_runtime.o	display_restore_ack_visible
ps2vnc_runtime_tail.o	ps2vnc_runtime.o	display_transition_switch_in_progress
ps2vnc_runtime_tail.o	ps2vnc_runtime.o	exit_requested
ps2vnc_runtime_tail.o	ps2vnc_runtime.o	live_encoding
ps2vnc_runtime_tail.o	ps2vnc_runtime.o	live_error_code
ps2vnc_runtime_tail.o	ps2vnc_runtime.o	live_hdr_end_end
ps2vnc_runtime_tail.o	ps2vnc_runtime.o	live_hdr_end_pos
ps2vnc_runtime_tail.o	ps2vnc_runtime.o	live_hdr_raw
ps2vnc_runtime_tail.o	ps2vnc_runtime.o	live_hdr_recv_call
ps2vnc_runtime_tail.o	ps2vnc_runtime.o	live_hdr_recv_n
ps2vnc_runtime_tail.o	ps2vnc_runtime.o	live_hdr_start_avail
ps2vnc_runtime_tail.o	ps2vnc_runtime.o	live_hdr_start_end
ps2vnc_runtime_tail.o	ps2vnc_runtime.o	live_hdr_start_pos
ps2vnc_runtime_tail.o	ps2vnc_runtime.o	live_message_type
ps2vnc_runtime_tail.o	ps2vnc_runtime.o	live_rect_count
ps2vnc_runtime_tail.o	ps2vnc_runtime.o	live_rect_h
ps2vnc_runtime_tail.o	ps2vnc_runtime.o	live_rect_index
ps2vnc_runtime_tail.o	ps2vnc_runtime.o	live_rect_w
ps2vnc_runtime_tail.o	ps2vnc_runtime.o	live_rect_x
ps2vnc_runtime_tail.o	ps2vnc_runtime.o	live_rect_y
ps2vnc_runtime_tail.o	ps2vnc_runtime.o	osk_alt
ps2vnc_runtime_tail.o	ps2vnc_runtime.o	osk_col
ps2vnc_runtime_tail.o	ps2vnc_runtime.o	osk_ctrl
ps2vnc_runtime_tail.o	ps2vnc_runtime.o	osk_generation
ps2vnc_runtime_tail.o	ps2vnc_runtime.o	osk_page
ps2vnc_runtime_tail.o	ps2vnc_runtime.o	osk_pixels
ps2vnc_runtime_tail.o	ps2vnc_runtime.o	osk_row
ps2vnc_runtime_tail.o	ps2vnc_runtime.o	osk_shift
ps2vnc_runtime_tail.o	ps2vnc_runtime.o	osk_visible
ps2vnc_runtime_tail.o	ps2vnc_runtime.o	profile_changed_bytes
ps2vnc_runtime_tail.o	ps2vnc_runtime.o	profile_dirty_updates
ps2vnc_runtime_tail.o	ps2vnc_runtime.o	profile_dirty_wait_ticks
ps2vnc_runtime_tail.o	ps2vnc_runtime.o	profile_dirty_work_ticks
ps2vnc_runtime_tail.o	ps2vnc_runtime.o	profile_flip_ticks
ps2vnc_runtime_tail.o	ps2vnc_runtime.o	profile_hextile_rects
ps2vnc_runtime_tail.o	ps2vnc_runtime.o	profile_hextile_rx_wait_ticks
ps2vnc_runtime_tail.o	ps2vnc_runtime.o	profile_hextile_ticks
ps2vnc_runtime_tail.o	ps2vnc_runtime.o	profile_present_sync_ticks
ps2vnc_runtime_tail.o	ps2vnc_runtime.o	profile_raw_rects
ps2vnc_runtime_tail.o	ps2vnc_runtime.o	profile_rfb_ticks
ps2vnc_runtime_tail.o	ps2vnc_runtime.o	profile_rfb_updates
ps2vnc_runtime_tail.o	ps2vnc_runtime.o	profile_rx_wait_ticks
ps2vnc_runtime_tail.o	ps2vnc_runtime.o	read_be16
ps2vnc_runtime_tail.o	ps2vnc_runtime.o	read_be32
ps2vnc_runtime_tail.o	ps2vnc_runtime.o	recv_exact
ps2vnc_runtime_tail.o	ps2vnc_runtime.o	remote_display_suppress_next_active_menu_return
ps2vnc_runtime_tail.o	ps2vnc_runtime.o	rfb_out_count
ps2vnc_runtime_tail.o	ps2vnc_runtime.o	runtime_action_request
ps2vnc_runtime_tail.o	ps2vnc_runtime.o	sanitize_text
ps2vnc_runtime_tail.o	ps2vnc_runtime.o	screenf
ps2vnc_runtime_tail.o	ps2vnc_runtime.o	send_exact
ps2vnc_runtime_tail.o	ps2vnc_runtime.o	send_rfb_message
ps2vnc_runtime_tail.o	ps2vnc_runtime.o	system_menu_countdown_seconds
ps2vnc_runtime_tail.o	ps2vnc_runtime.o	system_menu_selection
ps2vnc_runtime_tail.o	ps2vnc_runtime.o	system_menu_status
ps2vnc_runtime_tail.o	ps2vnc_runtime.o	system_menu_visible
ps2vnc_runtime_tail.o	ps2vnc_runtime.o	system_refresh_cooldown_started_tick
ps2vnc_runtime_tail.o	ps2vnc_runtime.o	system_refresh_state
ps2vnc_runtime_tail.o	ps2vnc_ui_display.o	display_menu_open_for_active
ps2vnc_runtime_tail.o	ps2vnc_ui_display.o	osk_shifted_ascii
ps2vnc_services.o	ps2ip.o	startup_authoritative_display_profile
ps2vnc_services.o	ps2ip.o	startup_authoritative_display_profile_loaded
ps2vnc_services.o	ps2ip.o	startup_confirmed_display_profile
ps2vnc_services.o	ps2ip.o	startup_confirmed_display_profile_loaded
ps2vnc_services.o	ps2ip.o	startup_display_commit_finish_required
ps2vnc_services.o	ps2ip.o	startup_display_restore_ack_required
ps2vnc_services.o	ps2ip.o	startup_display_restore_required
ps2vnc_services.o	ps2ip.o	startup_display_restored_mark_required
ps2vnc_services.o	ps2ip.o	startup_display_transaction
ps2vnc_services.o	ps2ip.o	startup_display_transaction_loaded
ps2vnc_services.o	ps2vnc_calibration_tail.o	calculate_presented_desktop_geometry
ps2vnc_services.o	ps2vnc_calibration_tail.o	ps2vnc_display_finish_draw
ps2vnc_services.o	ps2vnc_calibration_tail.o	ps2vnc_display_flip
ps2vnc_services.o	ps2vnc_calibration_tail.o	ps2vnc_display_wait_texture_idle
ps2vnc_services.o	ps2vnc_framebuffer.o	probe_extended_desktop_size
ps2vnc_services.o	ps2vnc_framebuffer.o	receive_framebuffer_update
ps2vnc_services.o	ps2vnc_framebuffer.o	request_framebuffer
ps2vnc_services.o	ps2vnc_framebuffer_tail.o	ps2vnc_display_publish_full_desktop
ps2vnc_services.o	ps2vnc_management_tail.o	ps2vnc_display_profile_resolve_candidate
ps2vnc_services.o	ps2vnc_management_tail.o	ps2vnc_display_profile_valid
ps2vnc_services.o	ps2vnc_management_tail.o	ps2vnc_display_transaction_restore_to_pi
ps2vnc_services.o	ps2vnc_management_tail.o	ps2vnc_display_tx_parse_profile
ps2vnc_services.o	ps2vnc_management_tail.o	ps2vnc_display_tx_profiles_equal
ps2vnc_services.o	ps2vnc_management_tail.o	ps2vnc_display_tx_take_line
ps2vnc_services.o	ps2vnc_management_tail.o	ps2vnc_management_get
ps2vnc_services.o	ps2vnc_runtime.o	active_video_mode
ps2vnc_services.o	ps2vnc_runtime.o	controller_thread_error
ps2vnc_services.o	ps2vnc_runtime.o	debug_udp_addr
ps2vnc_services.o	ps2vnc_runtime.o	debug_udp_sock
ps2vnc_services.o	ps2vnc_runtime.o	desktop_geometry_locked
ps2vnc_services.o	ps2vnc_runtime.o	desktop_height
ps2vnc_services.o	ps2vnc_runtime.o	desktop_output_x
ps2vnc_services.o	ps2vnc_runtime.o	desktop_output_y
ps2vnc_services.o	ps2vnc_runtime.o	desktop_width
ps2vnc_services.o	ps2vnc_runtime.o	exit_requested
ps2vnc_services.o	ps2vnc_runtime.o	force_screen_fit_calibration
ps2vnc_services.o	ps2vnc_runtime.o	osk_generation
ps2vnc_services.o	ps2vnc_runtime.o	ps2vnc_display_output_x
ps2vnc_services.o	ps2vnc_runtime.o	ps2vnc_display_output_y
ps2vnc_services.o	ps2vnc_runtime.o	ps2vnc_video_mode_by_name
ps2vnc_services.o	ps2vnc_runtime.o	ps2vnc_video_mode_default_backend
ps2vnc_services.o	ps2vnc_runtime.o	region_fits_u32
ps2vnc_services.o	ps2vnc_runtime.o	reset_rfb_transport_state
ps2vnc_services.o	ps2vnc_runtime.o	rfb_connected
ps2vnc_services.o	ps2vnc_runtime.o	runtime_action_request
ps2vnc_services.o	ps2vnc_runtime.o	screenf
ps2vnc_services.o	ps2vnc_runtime.o	send_exact
ps2vnc_services.o	ps2vnc_runtime.o	system_menu_countdown_action
ps2vnc_services.o	ps2vnc_runtime.o	system_menu_countdown_seconds
ps2vnc_services.o	ps2vnc_runtime.o	system_menu_selection
ps2vnc_services.o	ps2vnc_runtime.o	system_menu_status
ps2vnc_services.o	ps2vnc_runtime.o	system_menu_visible
ps2vnc_services.o	ps2vnc_runtime.o	system_refresh_cooldown_started_tick
ps2vnc_services.o	ps2vnc_runtime.o	system_refresh_state
ps2vnc_services.o	ps2vnc_runtime_tail.o	ethGetNetIFLinkStatus
ps2vnc_services.o	ps2vnc_runtime_tail.o	osk_color
ps2vnc_services.o	ps2vnc_runtime_tail.o	osk_draw_text_centered
ps2vnc_services.o	ps2vnc_runtime_tail.o	osk_fill_rect
ps2vnc_services.o	ps2vnc_runtime_tail.o	request_and_confirm_desktop_size
ps2vnc_services.o	ps2vnc_runtime_tail.o	rfb_connect_and_handshake
ps2vnc_services.o	ps2vnc_runtime_tail.o	rfb_connect_and_handshake_limited
ps2vnc_services.o	ps2vnc_runtime_tail.o	set_gs555_pixel_format
ps2vnc_services.o	ps2vnc_runtime_tail.o	set_live_encoding
ps2vnc_services.o	ps2vnc_runtime_tail.o	set_raw_encoding
ps2vnc_ui_display.o	ps2vnc_runtime.o	active_video_mode
ps2vnc_ui_display.o	ps2vnc_runtime.o	desktop_width
ps2vnc_ui_display.o	ps2vnc_runtime.o	display_confirm_previous_mode
ps2vnc_ui_display.o	ps2vnc_runtime.o	display_confirm_seconds
ps2vnc_ui_display.o	ps2vnc_runtime.o	display_confirm_selection
ps2vnc_ui_display.o	ps2vnc_runtime.o	display_hide_locked_modes
ps2vnc_ui_display.o	ps2vnc_runtime.o	display_menu_error
ps2vnc_ui_display.o	ps2vnc_runtime.o	display_menu_mode_at_selection
ps2vnc_ui_display.o	ps2vnc_runtime.o	display_menu_parent_system
ps2vnc_ui_display.o	ps2vnc_runtime.o	display_menu_selection
ps2vnc_ui_display.o	ps2vnc_runtime.o	display_menu_selection_for_mode
ps2vnc_ui_display.o	ps2vnc_runtime.o	display_menu_tab
ps2vnc_ui_display.o	ps2vnc_runtime.o	display_menu_tab_selection
ps2vnc_ui_display.o	ps2vnc_runtime.o	display_menu_visible
ps2vnc_ui_display.o	ps2vnc_runtime.o	display_mode_locked
ps2vnc_ui_display.o	ps2vnc_runtime.o	display_policy_error
ps2vnc_ui_display.o	ps2vnc_runtime.o	display_policy_loaded
ps2vnc_ui_display.o	ps2vnc_runtime.o	display_policy_request
ps2vnc_ui_display.o	ps2vnc_runtime.o	display_restore_ack_mode
ps2vnc_ui_display.o	ps2vnc_runtime.o	osk_alt
ps2vnc_ui_display.o	ps2vnc_runtime.o	osk_col
ps2vnc_ui_display.o	ps2vnc_runtime.o	osk_ctrl
ps2vnc_ui_display.o	ps2vnc_runtime.o	osk_generation
ps2vnc_ui_display.o	ps2vnc_runtime.o	osk_page
ps2vnc_ui_display.o	ps2vnc_runtime.o	osk_row
ps2vnc_ui_display.o	ps2vnc_runtime.o	osk_shift
ps2vnc_ui_display.o	ps2vnc_runtime.o	system_menu_countdown_action
ps2vnc_ui_display.o	ps2vnc_runtime.o	system_menu_countdown_seconds
ps2vnc_ui_display.o	ps2vnc_runtime.o	system_menu_selection
ps2vnc_ui_display.o	ps2vnc_runtime.o	system_refresh_state
ps2vnc_ui_display.o	ps2vnc_runtime.o	video_modes
ps2vnc_ui_display.o	ps2vnc_runtime_tail.o	osk_clear_one_shot_modifiers
ps2vnc_ui_display.o	ps2vnc_runtime_tail.o	osk_color
ps2vnc_ui_display.o	ps2vnc_runtime_tail.o	osk_display_char
ps2vnc_ui_display.o	ps2vnc_runtime_tail.o	osk_draw_text_centered
ps2vnc_ui_display.o	ps2vnc_runtime_tail.o	osk_fill_rect
ps2vnc_ui_display.o	ps2vnc_runtime_tail.o	osk_func_keysyms
ps2vnc_ui_display.o	ps2vnc_runtime_tail.o	osk_row_length
ps2vnc_ui_display.o	ps2vnc_runtime_tail.o	send_key_event
ps2vnc_ui_display.o	ps2vnc_runtime_tail.o	send_modified_key_tap
ps2vnc_ui_display.o	ps2vnc_runtime_tail.o	send_pointer_event
ps2vnc_ui_tail.o	ps2vnc_runtime.o	active_video_mode
ps2vnc_ui_tail.o	ps2vnc_runtime.o	controller_loop_counter
ps2vnc_ui_tail.o	ps2vnc_runtime.o	controller_pad_pause_ack
ps2vnc_ui_tail.o	ps2vnc_runtime.o	controller_pad_pause_requested
ps2vnc_ui_tail.o	ps2vnc_runtime.o	controller_thread_error
ps2vnc_ui_tail.o	ps2vnc_runtime.o	debug_hotkey_action
ps2vnc_ui_tail.o	ps2vnc_runtime.o	debug_hotkey_hold_polls
ps2vnc_ui_tail.o	ps2vnc_runtime.o	debug_hotkey_latched
ps2vnc_ui_tail.o	ps2vnc_runtime.o	debug_hotkey_mask
ps2vnc_ui_tail.o	ps2vnc_runtime.o	debug_hotkey_quarantine
ps2vnc_ui_tail.o	ps2vnc_runtime.o	debug_hotkey_settle_target
ps2vnc_ui_tail.o	ps2vnc_runtime.o	debug_hotkey_stable_polls
ps2vnc_ui_tail.o	ps2vnc_runtime.o	debug_hotkey_trigger
ps2vnc_ui_tail.o	ps2vnc_runtime.o	desktop_height
ps2vnc_ui_tail.o	ps2vnc_runtime.o	desktop_width
ps2vnc_ui_tail.o	ps2vnc_runtime.o	display_calibration_request
ps2vnc_ui_tail.o	ps2vnc_runtime.o	display_confirm_action
ps2vnc_ui_tail.o	ps2vnc_runtime.o	display_confirm_pending
ps2vnc_ui_tail.o	ps2vnc_runtime.o	display_confirm_seconds
ps2vnc_ui_tail.o	ps2vnc_runtime.o	display_confirm_selection
ps2vnc_ui_tail.o	ps2vnc_runtime.o	display_confirm_visible
ps2vnc_ui_tail.o	ps2vnc_runtime.o	display_hide_locked_modes
ps2vnc_ui_tail.o	ps2vnc_runtime.o	display_menu_error
ps2vnc_ui_tail.o	ps2vnc_runtime.o	display_menu_mode_at_selection
ps2vnc_ui_tail.o	ps2vnc_runtime.o	display_menu_parent_system
ps2vnc_ui_tail.o	ps2vnc_runtime.o	display_menu_selection
ps2vnc_ui_tail.o	ps2vnc_runtime.o	display_menu_tab
ps2vnc_ui_tail.o	ps2vnc_runtime.o	display_menu_visible
ps2vnc_ui_tail.o	ps2vnc_runtime.o	display_mode_locked
ps2vnc_ui_tail.o	ps2vnc_runtime.o	display_mode_request
ps2vnc_ui_tail.o	ps2vnc_runtime.o	display_mode_request_for_selection
ps2vnc_ui_tail.o	ps2vnc_runtime.o	display_mode_request_remote
ps2vnc_ui_tail.o	ps2vnc_runtime.o	display_policy_error
ps2vnc_ui_tail.o	ps2vnc_runtime.o	display_policy_loaded
ps2vnc_ui_tail.o	ps2vnc_runtime.o	display_policy_request
ps2vnc_ui_tail.o	ps2vnc_runtime.o	display_policy_request_selection
ps2vnc_ui_tail.o	ps2vnc_runtime.o	display_policy_request_value
ps2vnc_ui_tail.o	ps2vnc_runtime.o	display_restore_ack_request
ps2vnc_ui_tail.o	ps2vnc_runtime.o	display_restore_ack_visible
ps2vnc_ui_tail.o	ps2vnc_runtime.o	display_transition_switch_in_progress
ps2vnc_ui_tail.o	ps2vnc_runtime.o	exit_requested
ps2vnc_ui_tail.o	ps2vnc_runtime.o	osk_alt
ps2vnc_ui_tail.o	ps2vnc_runtime.o	osk_col
ps2vnc_ui_tail.o	ps2vnc_runtime.o	osk_ctrl
ps2vnc_ui_tail.o	ps2vnc_runtime.o	osk_generation
ps2vnc_ui_tail.o	ps2vnc_runtime.o	osk_page
ps2vnc_ui_tail.o	ps2vnc_runtime.o	osk_row
ps2vnc_ui_tail.o	ps2vnc_runtime.o	osk_shift
ps2vnc_ui_tail.o	ps2vnc_runtime.o	osk_visible
ps2vnc_ui_tail.o	ps2vnc_runtime.o	remote_display_state
ps2vnc_ui_tail.o	ps2vnc_runtime.o	runtime_hotkey_has_hold_extension
ps2vnc_ui_tail.o	ps2vnc_runtime.o	runtime_hotkey_lookup
ps2vnc_ui_tail.o	ps2vnc_runtime.o	system_menu_countdown_action
ps2vnc_ui_tail.o	ps2vnc_runtime.o	system_menu_countdown_seconds
ps2vnc_ui_tail.o	ps2vnc_runtime.o	system_menu_selection
ps2vnc_ui_tail.o	ps2vnc_runtime.o	system_menu_status
ps2vnc_ui_tail.o	ps2vnc_runtime.o	system_menu_visible
ps2vnc_ui_tail.o	ps2vnc_runtime_tail.o	display_confirm_remaining_seconds
ps2vnc_ui_tail.o	ps2vnc_runtime_tail.o	ps2vnc_system_exit_accept_request
ps2vnc_ui_tail.o	ps2vnc_runtime_tail.o	ps2vnc_system_overlay_allowed
ps2vnc_ui_tail.o	ps2vnc_runtime_tail.o	ps2vnc_system_refresh_accept_request
ps2vnc_ui_tail.o	ps2vnc_runtime_tail.o	ps2vnc_system_refresh_update_state
ps2vnc_ui_tail.o	ps2vnc_runtime_tail.o	send_key_tap
ps2vnc_ui_tail.o	ps2vnc_runtime_tail.o	send_pointer_event
ps2vnc_ui_tail.o	ps2vnc_ui_display.o	display_menu_move_horizontal_selection
ps2vnc_ui_tail.o	ps2vnc_ui_display.o	display_menu_move_vertical_selection
ps2vnc_ui_tail.o	ps2vnc_ui_display.o	display_menu_open_for_active
ps2vnc_ui_tail.o	ps2vnc_ui_display.o	dpad_hold_velocity_q8
ps2vnc_ui_tail.o	ps2vnc_ui_display.o	osk_activate_selected
ps2vnc_ui_tail.o	ps2vnc_ui_display.o	osk_move_horizontal
ps2vnc_ui_tail.o	ps2vnc_ui_display.o	osk_move_vertical
ps2vnc_ui_tail.o	ps2vnc_ui_display.o	osk_send_key_with_modifiers
ps2vnc_ui_tail.o	ps2vnc_ui_display.o	scroll_button_for_stick
ps2vnc_ui_tail.o	ps2vnc_ui_display.o	scroll_repeat_delay
ps2vnc_ui_tail.o	ps2vnc_ui_display.o	send_scroll_pulse
ps2vnc_ui_tail.o	ps2vnc_ui_display.o	stick_velocity_q8
ps2vnc_ui_tail.o	ps2vnc_ui_display.o	wake_renderer_with_pointer_jiggle
