calculate_safe_desktop_geometry	screen_fit_geometry_valid
display_live_desktop	perform_manual_rfb_recovery
display_live_desktop	ps2vnc_config_apply_display
display_live_desktop	ps2vnc_display_policy_hide_to_pi
display_live_desktop	ps2vnc_display_policy_lock_to_pi
display_live_desktop	ps2vnc_display_policy_refresh_from_pi
display_live_desktop	ps2vnc_display_profile_capture_active
display_live_desktop	ps2vnc_display_profile_resolve_candidate
display_live_desktop	ps2vnc_display_transaction_ack_to_pi
display_live_desktop	ps2vnc_display_transaction_begin_to_pi
display_live_desktop	ps2vnc_display_transaction_commit_to_pi
display_live_desktop	recover_rfb_connection
ps2vnc_config_get_display_for_mode	ps2vnc_config_parse_display_for_mode
ps2vnc_config_get_display_for_mode	ps2vnc_management_get
ps2vnc_config_load_from_pi	ps2vnc_config_apply_display
ps2vnc_config_load_from_pi	ps2vnc_config_parse_display_for_mode
ps2vnc_config_load_from_pi	ps2vnc_config_parse_startup_mode
ps2vnc_config_load_from_pi	ps2vnc_display_profile_resolve_candidate
ps2vnc_config_load_from_pi	ps2vnc_management_get
ps2vnc_config_presented_geometry_for_mode	screen_fit_geometry_valid_for_mode
ps2vnc_display_save_to_pi	ps2vnc_http_find_header_end
ps2vnc_display_save_to_pi	ps2vnc_http_status_is_200
ps2vnc_display_save_to_pi	screen_fit_geometry_valid
ps2vnc_display_transaction_fetch_from_pi	ps2vnc_management_get
ps2vnc_display_transaction_select_startup_authority	ps2vnc_display_profile_valid
ps2vnc_display_transaction_select_startup_authority	ps2vnc_display_tx_profiles_equal
ps2vnc_display_tx_parse	ps2vnc_display_tx_parse_profile
ps2vnc_display_tx_parse	ps2vnc_display_tx_profiles_equal
ps2vnc_display_tx_parse	ps2vnc_display_tx_take_line
ps2vnc_global_rollback_display_transaction	ps2vnc_display_transaction_ack_to_pi
ps2vnc_global_rollback_display_transaction	ps2vnc_display_transaction_restore_to_pi
ps2vnc_global_rollback_display_transaction	ps2vnc_display_transaction_restored_to_pi
ps2vnc_remote_control_poll_idle	ps2vnc_management_get_bounded_quiet
ps2vnc_remote_result_post	ps2vnc_management_post_text
ps2vnc_rollback_display_transaction	recover_rfb_transport_for_display_rollback
ps2vnc_rollback_display_transaction	screen_fit_apply_preset
ps2vnc_startup_apply_authoritative_profile	ps2vnc_config_apply_display
ps2vnc_startup_apply_authoritative_profile	ps2vnc_display_profile_resolve_candidate
ps2vnc_startup_apply_authoritative_profile	ps2vnc_display_profile_valid
ps2vnc_startup_apply_authoritative_profile	ps2vnc_display_tx_profiles_equal
ps2vnc_startup_connect_reconciled	initial_rfb_connect_with_retry
ps2vnc_startup_finalize_display_transaction	ps2vnc_display_profile_capture_active
ps2vnc_startup_finalize_display_transaction	ps2vnc_display_transaction_commit_to_pi
ps2vnc_startup_finalize_display_transaction	ps2vnc_display_transaction_restored_to_pi
ps2vnc_startup_finalize_display_transaction	ps2vnc_display_tx_profiles_equal
ps2vnc_startup_mode_save_to_pi	ps2vnc_http_find_header_end
ps2vnc_startup_mode_save_to_pi	ps2vnc_http_status_is_200
ps2vnc_startup_prepare_display_transaction	ps2vnc_display_transaction_restore_to_pi
ps2vnc_switch_display_mode	draw_recovery_status
run_screen_fit_calibration	screen_fit_apply_preset
