draw_recovery_status	osk_color
draw_recovery_status	osk_draw_text_centered
draw_recovery_status	osk_fill_rect
draw_recovery_status	ps2vnc_display_finish_draw
draw_recovery_status	ps2vnc_display_flip
draw_recovery_status	ps2vnc_display_output_x
draw_recovery_status	ps2vnc_display_output_y
draw_recovery_status	ps2vnc_display_wait_texture_idle
initial_rfb_connect_with_retry	ethGetNetIFLinkStatus
initial_rfb_connect_with_retry	probe_extended_desktop_size
initial_rfb_connect_with_retry	receive_framebuffer_update
initial_rfb_connect_with_retry	request_framebuffer
initial_rfb_connect_with_retry	reset_rfb_transport_state
initial_rfb_connect_with_retry	rfb_connect_and_handshake
initial_rfb_connect_with_retry	screenf
initial_rfb_connect_with_retry	set_gs555_pixel_format
initial_rfb_connect_with_retry	set_raw_encoding
ps2vnc_config_parse_display_policy	display_menu_selection_for_mode
ps2vnc_config_parse_display_policy	ps2vnc_config_parse_bool
ps2vnc_config_parse_display_policy	ps2vnc_config_trim_left
ps2vnc_config_parse_display_policy	ps2vnc_config_trim_right
ps2vnc_config_parse_display_policy	ps2vnc_video_mode_by_name
ps2vnc_config_parse_display_section	ps2vnc_config_parse_int
ps2vnc_config_parse_display_section	ps2vnc_config_trim_left
ps2vnc_config_parse_display_section	ps2vnc_config_trim_right
ps2vnc_config_parse_startup_mode	ps2vnc_config_trim_left
ps2vnc_config_parse_startup_mode	ps2vnc_config_trim_right
ps2vnc_config_parse_startup_mode	ps2vnc_video_mode_by_name
ps2vnc_display_policy_lock_to_pi	display_menu_mode_at_selection
ps2vnc_display_profile_resolve_candidate	ps2vnc_video_mode_default_backend
ps2vnc_display_profile_valid	ps2vnc_backend_transaction_name
ps2vnc_display_transaction_begin_to_pi	ps2vnc_backend_transaction_name
ps2vnc_display_tx_parse_profile	ps2vnc_video_mode_by_name
ps2vnc_display_tx_parse_uint	ps2vnc_config_parse_int
ps2vnc_management_get	screenf
ps2vnc_management_get	send_exact
ps2vnc_management_post	send_exact
ps2vnc_management_post_text	send_exact
ps2vnc_socket_wait_bounded	profile_ticks_us
recover_rfb_connection	ethGetNetIFLinkStatus
recover_rfb_connection	probe_extended_desktop_size
recover_rfb_connection	ps2vnc_display_publish_full_desktop
recover_rfb_connection	receive_framebuffer_update
recover_rfb_connection	request_and_confirm_desktop_size
recover_rfb_connection	request_framebuffer
recover_rfb_connection	reset_rfb_transport_state
recover_rfb_connection	rfb_connect_and_handshake
recover_rfb_connection	set_gs555_pixel_format
recover_rfb_connection	set_live_encoding
recover_rfb_connection	set_raw_encoding
recover_rfb_transport_for_display_rollback	ethGetNetIFLinkStatus
recover_rfb_transport_for_display_rollback	probe_extended_desktop_size
recover_rfb_transport_for_display_rollback	receive_framebuffer_update
recover_rfb_transport_for_display_rollback	request_framebuffer
recover_rfb_transport_for_display_rollback	reset_rfb_transport_state
recover_rfb_transport_for_display_rollback	rfb_connect_and_handshake_limited
recover_rfb_transport_for_display_rollback	set_gs555_pixel_format
recover_rfb_transport_for_display_rollback	set_raw_encoding
