consumer	provider	line
ps2ip.c	ps2vnc_runtime_compat.h	7
ps2ip.c	ps2vnc_cross_types.h	8
ps2vnc_calibration_state.inc	ps2vnc_calibration_core.inc	1
ps2vnc_calibration_state.inc	ps2vnc_calibration_tail.inc	2
ps2vnc_calibration_tail.c	ps2vnc_services_compat.h	6
ps2vnc_calibration_tail.c	ps2vnc_services_exports.h	7
ps2vnc_calibration_tail.c	ps2vnc_calibration_core_to_tail.h	10
ps2vnc_calibration_tail.c	ps2vnc_calibration_tail.inc	11
ps2vnc_config_text.c	ps2vnc_config_text.h	6
ps2vnc_display.c	ps2vnc_runtime_compat.h	18
ps2vnc_display.c	ps2vnc_cross_types.h	19
ps2vnc_display.c	ps2vnc_services_imports.h	20
ps2vnc_display.c	ps2vnc_services_exports.h	21
ps2vnc_display.c	ps2vnc_runtime_to_ui_display.h	22
ps2vnc_display.c	ps2vnc_ui_to_display.h	25
ps2vnc_display.c	ps2vnc_display_core.inc	27
ps2vnc_display_orchestration.inc	ps2vnc_display_core.inc	1
ps2vnc_display_orchestration.inc	ps2vnc_display_tail.inc	2
ps2vnc_display_tail.c	ps2vnc_runtime_compat.h	18
ps2vnc_display_tail.c	ps2vnc_cross_types.h	19
ps2vnc_display_tail.c	ps2vnc_services_imports.h	20
ps2vnc_display_tail.c	ps2vnc_services_exports.h	21
ps2vnc_display_tail.c	ps2vnc_runtime_to_ui_display.h	22
ps2vnc_display_tail.c	ps2vnc_ui_to_display.h	25
ps2vnc_display_tail.c	ps2vnc_display_core_to_tail.h	27
ps2vnc_display_tail.c	ps2vnc_display_tail.inc	28
ps2vnc_framebuffer.c	ps2vnc_runtime_compat.h	9
ps2vnc_framebuffer.c	ps2vnc_cross_types.h	10
ps2vnc_framebuffer.c	ps2vnc_services_imports.h	12
ps2vnc_framebuffer.c	ps2vnc_services_exports.h	13
ps2vnc_framebuffer.c	ps2vnc_runtime_to_ui_display.h	15
ps2vnc_framebuffer.c	ps2vnc_ui_display_to_runtime.h	16
ps2vnc_framebuffer.c	ps2vnc_runtime_to_framebuffer.h	17
ps2vnc_framebuffer.c	ps2vnc_framebuffer_core.inc	19
ps2vnc_framebuffer_engine.inc	ps2vnc_framebuffer_core.inc	1
ps2vnc_framebuffer_engine.inc	ps2vnc_framebuffer_tail.inc	2
ps2vnc_framebuffer_tail.c	ps2vnc_runtime_compat.h	9
ps2vnc_framebuffer_tail.c	ps2vnc_cross_types.h	10
ps2vnc_framebuffer_tail.c	ps2vnc_services_imports.h	12
ps2vnc_framebuffer_tail.c	ps2vnc_services_exports.h	13
ps2vnc_framebuffer_tail.c	ps2vnc_runtime_to_ui_display.h	15
ps2vnc_framebuffer_tail.c	ps2vnc_ui_display_to_runtime.h	16
ps2vnc_framebuffer_tail.c	ps2vnc_runtime_to_framebuffer.h	17
ps2vnc_framebuffer_tail.c	ps2vnc_framebuffer_core_to_tail.h	19
ps2vnc_framebuffer_tail.c	ps2vnc_framebuffer_tail.inc	20
ps2vnc_macro_body.inc	ps2vnc_macro_region1.inc	7
ps2vnc_macro_body.inc	ps2vnc_macro_region2.inc	8
ps2vnc_macro_body.inc	ps2vnc_macro_region3.inc	9
ps2vnc_macro_region1.inc	ps2vnc_runtime_support.inc	2
ps2vnc_macro_region1.inc	ps2vnc_ui_controller.inc	3
ps2vnc_macro_region2.inc	ps2vnc_framebuffer_engine.inc	2
ps2vnc_macro_region3.inc	ps2vnc_display_orchestration.inc	2
ps2vnc_management_config.inc	ps2vnc_management_core.inc	11
ps2vnc_management_config.inc	ps2vnc_management_tail.inc	12
ps2vnc_management_tail.c	ps2vnc_services_compat.h	6
ps2vnc_management_tail.c	ps2vnc_services_exports.h	7
ps2vnc_management_tail.c	ps2vnc_management_core_to_tail.h	9
ps2vnc_management_tail.c	ps2vnc_management_tail.inc	10
ps2vnc_runtime.c	ps2vnc_runtime_compat.h	9
ps2vnc_runtime.c	ps2vnc_cross_types.h	10
ps2vnc_runtime.c	ps2vnc_services_imports.h	11
ps2vnc_runtime.c	ps2vnc_services_exports.h	12
ps2vnc_runtime.c	ps2vnc_ui_display_to_runtime.h	13
ps2vnc_runtime.c	ps2vnc_runtime_tail_to_core.h	284
ps2vnc_runtime.c	ps2vnc_runtime_core.inc	286
ps2vnc_runtime_compat.h	ps2vnc_config_text.h	36
ps2vnc_runtime_support.inc	ps2vnc_runtime_core.inc	1
ps2vnc_runtime_support.inc	ps2vnc_runtime_tail.inc	2
ps2vnc_runtime_tail.c	ps2vnc_runtime_compat.h	9
ps2vnc_runtime_tail.c	ps2vnc_cross_types.h	10
ps2vnc_runtime_tail.c	ps2vnc_services_imports.h	11
ps2vnc_runtime_tail.c	ps2vnc_services_exports.h	12
ps2vnc_runtime_tail.c	ps2vnc_ui_display_to_runtime.h	13
ps2vnc_runtime_tail.c	ps2vnc_runtime_core_to_tail.h	250
ps2vnc_runtime_tail.c	ps2vnc_runtime_tail.inc	252
ps2vnc_services.c	ps2vnc_services_compat.h	6
ps2vnc_services.c	ps2vnc_services_exports.h	7
ps2vnc_services.c	ps2vnc_management_core.inc	9
ps2vnc_services.c	ps2vnc_management_tail_to_services.h	10
ps2vnc_services.c	ps2vnc_calibration_core.inc	11
ps2vnc_services_compat.h	ps2vnc_config_text.h	20
ps2vnc_services_compat.h	ps2vnc_cross_types.h	151
ps2vnc_services_compat.h	ps2vnc_services_imports.h	244
ps2vnc_ui_controller.inc	ps2vnc_ui_core.inc	1
ps2vnc_ui_controller.inc	ps2vnc_ui_tail.inc	2
ps2vnc_ui_display.c	ps2vnc_runtime_compat.h	18
ps2vnc_ui_display.c	ps2vnc_cross_types.h	19
ps2vnc_ui_display.c	ps2vnc_services_imports.h	20
ps2vnc_ui_display.c	ps2vnc_services_exports.h	21
ps2vnc_ui_display.c	ps2vnc_runtime_to_ui_display.h	22
ps2vnc_ui_display.c	ps2vnc_ui_core.inc	24
ps2vnc_ui_tail.c	ps2vnc_runtime_compat.h	18
ps2vnc_ui_tail.c	ps2vnc_cross_types.h	19
ps2vnc_ui_tail.c	ps2vnc_services_imports.h	20
ps2vnc_ui_tail.c	ps2vnc_services_exports.h	21
ps2vnc_ui_tail.c	ps2vnc_runtime_to_ui_display.h	22
ps2vnc_ui_tail.c	ps2vnc_ui_core_to_tail.h	24
ps2vnc_ui_tail.c	ps2vnc_ui_tail.inc	25
